[
    {
        "id": 1618,
        "subfield": "Number Theory",
        "context": null,
        "question": "Determine all prime numbers $p$ and all positive integers $x$ and $y$ satisfying $x^{3}+y^{3}=$ $p(x y+p)$.",
        "solution": [
            "Up to a swap of the first two entries, the only solutions are $(x, y, p)=(1,8,19)$, $(x, y, p)=(2,7,13)$ and $(x, y, p)=(4,5,7)$. The verification is routine.\n\n\n\nSet $s=x+y$. Rewrite the equation in the form $s\\left(s^{2}-3 x y\\right)=p(p+x y)$, and express $x y$ :\n\n\n\n$$\n\nx y=\\frac{s^{3}-p^{2}}{3 s+p} \\tag{*}\n\n$$\n\n\n\nIn particular,\n\n\n\n$$\n\ns^{2} \\geq 4 x y=\\frac{4\\left(s^{3}-p^{2}\\right)}{3 s+p}\n\n$$\n\n\n\nor\n\n\n\n$$\n\n(s-2 p)\\left(s^{2}+s p+2 p^{2}\\right) \\leq p^{2}-p^{3}<0\n\n$$\n\n\n\nso $s<2 p$.\n\n\n\nIf $p \\mid s$, then $s=p$ and $x y=p(p-1) / 4$ which is impossible for $x+y=p$ (the equation $t^{2}-p t+p(p-1) / 4=0$ has no integer solutions).\n\n\n\nIf $p \\nmid s$, rewrite $(*)$ in the form\n\n\n\n$$\n\n27 x y=\\left(9 s^{2}-3 s p+p^{2}\\right)-\\frac{p^{2}(p+27)}{3 s+p} .\n\n$$\n\n\n\nSince $p \\nmid s$, this could be integer only if $3 s+p \\mid$ $p+27$, and hence $3 s+p \\mid 27-s$.\n\n\n\nIf $s \\neq 9$, then $|3 s-27| \\geq 3 s+p$, so $27-3 s \\geq$ $3 s+p$, or $27-p \\geq 6 s$, whence $s \\leq 4$. These cases are ruled out by hand.\n\n\n\nIf $s=x+y=9$, then $(*)$ yields $x y=27-p$. Up to a swap of $x$ and $y$, all such triples $(x, y, p)$ are $(1,8,19),(2,7,13)$, and $(4,5,7)$.",
            "Set again $s=x+y$. It is readily checked that $s \\leq 8$ provides no solutions, so assume $s \\geq 9$. Notice that $x^{3}+y^{3}=s\\left(x^{2}-x y+y^{2}\\right) \\geq$ $\\frac{1}{4} s^{3}$ and $x y \\leq \\frac{1}{4} s^{2}$. The condition in the statement then implies $s^{2}(s-p) \\leq 4 p^{2}$, so $s<p+4$.\n\n\n\nNotice that $p$ divides one of $s$ and $x^{2}-x y+y^{2}$. The case $p \\mid s$ is easily ruled out by the condition $s<p+4$ : The latter forces $s=p$, so $x^{2}-x y+y^{2}=x y+p$, i. e., $(x-y)^{2}=p$, which is impossible.\n\n\n\nHence $p \\mid x^{2}-x y+y^{2}$, so $x^{2}-x y+y^{2}=k p$ and $x y+p=k s$ for some positive integer $k$, implying\n\n\n\n$$\n\ns^{2}+3 p=k(3 s+p) \\tag{**}\n\n$$\n\n\n\nRecall that $p \\nmid s$ to infer that $3 k \\equiv s(\\bmod p)$. We now present two approaches.\n\n\n\n1st Approach. Write $3 k=s+m p$ for some integer $m$ and plug $k=\\frac{1}{3}(s+m p)$ into $(* *)$ to get $s=(9-m p) /(3 m+1)$. The condition $s \\geq 9$ then forces $m=0$, so $s=9$, in which case, up to a swap of the first two entries, the solutions turn out to be $(x, y, p)=(1,8,19),(x, y, p)=(2,7,13)$ and $(x, y, p)=(4,5,7)$.\n\n\n\n2nd Approach. Notice that $k=\\frac{s^{2}+3 p}{3 s+p}=3+$ $\\frac{s(s-9)}{3 s+p} \\leq 3+\\frac{1}{3}(s-9)=\\frac{1}{3} s \\leq \\frac{1}{3}(p+3)$, since $s<p+4$. Hence $3 k \\leq p+3$, and the congruence $3 k \\equiv s$ $(\\bmod p)$ then forces either $3 k=s-p$ or $3 k=s$.\n\n\n\nThe case $3 k=s-p$ is easily ruled out: Otherwise, $(* *)$ boils down to $2 s+p+9=0$, which is clearly impossible.\n\n\n\nFinally, if $3 k=s$, then $(* *)$ reduces to $s=9$. In this case, up to a swap of the first two entries, the only solutions are $(x, y, p)=(1,8,19)$, $(x, y, p)=(2,7,13)$ and $(x, y, p)=(4,5,7)$."
        ],
        "final_answer": [
            "$(1,8,19), (2,7,13), (4,5,7)$"
        ],
        "is_multiple_answer": true,
        "unit": null,
        "answer_type": "Tuple",
        "error": null
    },
    {
        "id": 1659,
        "subfield": "Algebra",
        "context": null,
        "question": "Find all functions $f: \\mathbb{R}^{+} \\rightarrow \\mathbb{R}^{+}$ such that\n\n$$\nf(x+f(y))=f(x+y)+f(y)\\tag{1}\n$$\n\nfor all $x, y \\in \\mathbb{R}^{+}$. (Symbol $\\mathbb{R}^{+}$denotes the set of all positive real numbers.)",
        "solution": [
            "First we show that $f(y)>y$ for all $y \\in \\mathbb{R}^{+}$. Functional equation (1) yields $f(x+f(y))>f(x+y)$ and hence $f(y) \\neq y$ immediately. If $f(y)<y$ for some $y$, then setting $x=y-f(y)$ we get\n\n$$\nf(y)=f((y-f(y))+f(y))=f((y-f(y))+y)+f(y)>f(y),\n$$\n\ncontradiction. Therefore $f(y)>y$ for all $y \\in \\mathbb{R}^{+}$.\n\nFor $x \\in \\mathbb{R}^{+}$define $g(x)=f(x)-x$; then $f(x)=g(x)+x$ and, as we have seen, $g(x)>0$. Transforming (1) for function $g(x)$ and setting $t=x+y$,\n\n$$\n\\begin{aligned}\nf(t+g(y)) & =f(t)+f(y) \\\\\ng(t+g(y))+t+g(y) & =(g(t)+t)+(g(y)+y)\n\\end{aligned}\n$$\n\nand therefore\n\n$$\ng(t+g(y))=g(t)+y \\quad \\text { for all } t>y>0 \\tag{2}\n$$\n\nNext we prove that function $g(x)$ is injective. Suppose that $g\\left(y_{1}\\right)=g\\left(y_{2}\\right)$ for some numbers $y_{1}, y_{2} \\in \\mathbb{R}^{+}$. Then by $(2)$,\n\n$$\ng(t)+y_{1}=g\\left(t+g\\left(y_{1}\\right)\\right)=g\\left(t+g\\left(y_{2}\\right)\\right)=g(t)+y_{2}\n$$\n\nfor all $t>\\max \\left\\{y_{1}, y_{2}\\right\\}$. Hence, $g\\left(y_{1}\\right)=g\\left(y_{2}\\right)$ is possible only if $y_{1}=y_{2}$.\n\nNow let $u, v$ be arbitrary positive numbers and $t>u+v$. Applying (2) three times,\n\n$$\ng(t+g(u)+g(v))=g(t+g(u))+v=g(t)+u+v=g(t+g(u+v)) \\text {. }\n$$\n\nBy the injective property we conclude that $t+g(u)+g(v)=t+g(u+v)$, hence\n\n$$\ng(u)+g(v)=g(u+v)\\tag{3}\n$$\n\nSince function $g(v)$ is positive, equation (3) also shows that $g$ is an increasing function.\n\nFinally we prove that $g(x)=x$. Combining (2) and (3), we obtain\n\n$$\ng(t)+y=g(t+g(y))=g(t)+g(g(y))\n$$\n\nand hence\n\n$$\ng(g(y))=y\n$$\n\nSuppose that there exists an $x \\in \\mathbb{R}^{+}$such that $g(x) \\neq x$. By the monotonicity of $g$, if $x>g(x)$ then $g(x)>g(g(x))=x$. Similarly, if $x<g(x)$ then $g(x)<g(g(x))=x$. Both cases lead to contradiction, so there exists no such $x$.\n\nWe have proved that $g(x)=x$ and therefore $f(x)=g(x)+x=2 x$ for all $x \\in \\mathbb{R}^{+}$. This function indeed satisfies the functional equation (1).",
            "We prove that $f(y)>y$ and introduce function $g(x)=f(x)-x>0$ in the same way as in Solution 1.\n\nFor arbitrary $t>y>0$, substitute $x=t-y$ into (1) to obtain\n\n$$\nf(t+g(y))=f(t)+f(y)\n$$\n\nwhich, by induction, implies\n\n$$\nf(t+n g(y))=f(t)+n f(y) \\quad \\text { for all } t>y>0, n \\in \\mathbb{N} \\tag{4}\n$$\n\nTake two arbitrary positive reals $y$ and $z$ and a third fixed number $t>\\max \\{y, z\\}$. For each positive integer $k$, let $\\ell_{k}=\\left\\lfloor k \\frac{g(y)}{g(z)}\\right\\rfloor$. Then $t+k g(y)-\\ell_{k} g(z) \\geq t>z$ and, applying (4) twice,\n\n$$\n\\begin{gathered}\nf\\left(t+k g(y)-\\ell_{k} g(z)\\right)+\\ell_{k} f(z)=f(t+k g(y))=f(t)+k f(y), \\\\\n0<\\frac{1}{k} f\\left(t+k g(y)-\\ell_{k} g(z)\\right)=\\frac{f(t)}{k}+f(y)-\\frac{\\ell_{k}}{k} f(z) .\n\\end{gathered}\n$$\n\nAs $k \\rightarrow \\infty$ we get\n\n$$\n0 \\leq \\lim _{k \\rightarrow \\infty}\\left(\\frac{f(t)}{k}+f(y)-\\frac{\\ell_{k}}{k} f(z)\\right)=f(y)-\\frac{g(y)}{g(z)} f(z)=f(y)-\\frac{f(y)-y}{f(z)-z} f(z)\n$$\n\nand therefore\n\n$$\n\\frac{f(y)}{y} \\leq \\frac{f(z)}{z}\n$$\n\nExchanging variables $y$ and $z$, we obtain the reverse inequality. Hence, $\\frac{f(y)}{y}=\\frac{f(z)}{z}$ for arbitrary $y$ and $z$; so function $\\frac{f(x)}{x}$ is constant, $f(x)=c x$.\n\nSubstituting back into (1), we find that $f(x)=c x$ is a solution if and only if $c=2$. So the only solution for the problem is $f(x)=2 x$."
        ],
        "final_answer": [
            "$f(x)=2 x$"
        ],
        "is_multiple_answer": false,
        "unit": null,
        "answer_type": "Expression",
        "error": null
    },
    {
        "id": 1687,
        "subfield": "Algebra",
        "context": null,
        "question": "Determine all pairs $(f, g)$ of functions from the set of positive integers to itself that satisfy\n\n$$\nf^{g(n)+1}(n)+g^{f(n)}(n)=f(n+1)-g(n+1)+1\n$$\n\nfor every positive integer $n$. Here, $f^{k}(n)$ means $\\underbrace{f(f(\\ldots f}_{k}(n) \\ldots))$.",
        "solution": [
            "The given relation implies\n\n$$\nf\\left(f^{g(n)}(n)\\right)<f(n+1) \\quad \\text { for all } n\n\\tag{1}\n$$\n\nwhich will turn out to be sufficient to determine $f$.\n\nLet $y_{1}<y_{2}<\\ldots$ be all the values attained by $f$ (this sequence might be either finite or infinite). We will prove that for every positive $n$ the function $f$ attains at least $n$ values, and we have (i) $)_{n}: f(x)=y_{n}$ if and only if $x=n$, and $(\\mathrm{ii})_{n}: y_{n}=n$. The proof will follow the scheme\n\n$$\n(\\mathrm{i})_{1},(\\mathrm{ii})_{1},(\\mathrm{i})_{2},(\\mathrm{ii})_{2}, \\ldots,(\\mathrm{i})_{n},(\\mathrm{ii})_{n}, \\ldots\n\\tag{2}\n$$\n\nTo start, consider any $x$ such that $f(x)=y_{1}$. If $x>1$, then (1) reads $f\\left(f^{g(x-1)}(x-1)\\right)<y_{1}$, contradicting the minimality of $y_{1}$. So we have that $f(x)=y_{1}$ is equivalent to $x=1$, establishing $(\\mathrm{i})_{1}$.\n\nNext, assume that for some $n$ statement $(\\mathrm{i})_{n}$ is established, as well as all the previous statements in (2). Note that these statements imply that for all $k \\geq 1$ and $a<n$ we have $f^{k}(x)=a$ if and only if $x=a$.\n\nNow, each value $y_{i}$ with $1 \\leq i \\leq n$ is attained at the unique integer $i$, so $y_{n+1}$ exists. Choose an arbitrary $x$ such that $f(x)=y_{n+1}$; we necessarily have $x>n$. Substituting $x-1$ into (1) we have $f\\left(f^{g(x-1)}(x-1)\\right)<y_{n+1}$, which implies\n\n$$\nf^{g(x-1)}(x-1) \\in\\{1, \\ldots, n\\}\n\\tag{3}\n$$\n\nSet $b=f^{g(x-1)}(x-1)$. If $b<n$ then we would have $x-1=b$ which contradicts $x>n$. So $b=n$, and hence $y_{n}=n$, which proves (ii) ${ }_{n}$. Next, from (i) ${ }_{n}$ we now get $f(k)=n \\Longleftrightarrow k=n$, so removing all the iterations of $f$ in (3) we obtain $x-1=b=n$, which proves $(\\mathrm{i})_{n+1}$.\n\nSo, all the statements in (2) are valid and hence $f(n)=n$ for all $n$. The given relation between $f$ and $g$ now reads $n+g^{n}(n)=n+1-g(n+1)+1$ or $g^{n}(n)+g(n+1)=2$, from which it immediately follows that we have $g(n)=1$ for all $n$.\n\n"
        ],
        "final_answer": [
            "$f(n)=n$, $g(n)=1$"
        ],
        "is_multiple_answer": false,
        "unit": null,
        "answer_type": "Expression",
        "error": null
    },
    {
        "id": 1718,
        "subfield": "Algebra",
        "context": null,
        "question": "Denote by $\\mathbb{Q}^{+}$the set of all positive rational numbers. Determine all functions $f: \\mathbb{Q}^{+} \\rightarrow \\mathbb{Q}^{+}$ which satisfy the following equation for all $x, y \\in \\mathbb{Q}^{+}$:\n\n$$\nf\\left(f(x)^{2} y\\right)=x^{3} f(x y)\n\\tag{1}\n$$",
        "solution": [
            "By substituting $y=1$, we get\n\n$$\nf\\left(f(x)^{2}\\right)=x^{3} f(x)\\tag{2}\n$$\n\nThen, whenever $f(x)=f(y)$, we have\n\n$$\nx^{3}=\\frac{f\\left(f(x)^{2}\\right)}{f(x)}=\\frac{f\\left(f(y)^{2}\\right)}{f(y)}=y^{3}\n$$\n\nwhich implies $x=y$, so the function $f$ is injective.\n\nNow replace $x$ by $x y$ in (2), and apply (1) twice, second time to $\\left(y, f(x)^{2}\\right)$ instead of $(x, y)$ :\n\n$$\nf\\left(f(x y)^{2}\\right)=(x y)^{3} f(x y)=y^{3} f\\left(f(x)^{2} y\\right)=f\\left(f(x)^{2} f(y)^{2}\\right)\n$$\n\nSince $f$ is injective, we get\n\n$$\n\\begin{aligned}\nf(x y)^{2} & =f(x)^{2} f(y)^{2} \\\\\nf(x y) & =f(x) f(y) .\n\\end{aligned}\n$$\n\nTherefore, $f$ is multiplicative. This also implies $f(1)=1$ and $f\\left(x^{n}\\right)=f(x)^{n}$ for all integers $n$.\n\nThen the function equation (1) can be re-written as\n\n$$\n\\begin{aligned}\nf(f(x))^{2} f(y) & =x^{3} f(x) f(y), \\\\\nf(f(x)) & =\\sqrt{x^{3} f(x)} .\n\\end{aligned}\n\\tag{3}\n$$\n\nLet $g(x)=x f(x)$. Then, by (3), we have\n\n$$\n\\begin{aligned}\ng(g(x)) & =g(x f(x))=x f(x) \\cdot f(x f(x))=x f(x)^{2} f(f(x))= \\\\\n& =x f(x)^{2} \\sqrt{x^{3} f(x)}=(x f(x))^{5 / 2}=(g(x))^{5 / 2},\n\\end{aligned}\n$$\n\nand, by induction,\n\n$$\n\\underbrace{g(g(\\ldots g}_{n+1}(x) \\ldots))=(g(x))^{(5 / 2)^{n}}\n\\tag{4}\n$$\n\nfor every positive integer $n$.\n\nConsider (4) for a fixed $x$. The left-hand side is always rational, so $(g(x))^{(5 / 2)^{n}}$ must be rational for every $n$. We show that this is possible only if $g(x)=1$. Suppose that $g(x) \\neq 1$, and let the prime factorization of $g(x)$ be $g(x)=p_{1}^{\\alpha_{1}} \\ldots p_{k}^{\\alpha_{k}}$ where $p_{1}, \\ldots, p_{k}$ are distinct primes and $\\alpha_{1}, \\ldots, \\alpha_{k}$ are nonzero integers. Then the unique prime factorization of (4) is\n\n$$\n\\underbrace{g(g(\\ldots g}_{n+1}(x) \\ldots))=(g(x))^{(5 / 2)^{n}}=p_{1}^{(5 / 2)^{n} \\alpha_{1}} \\ldots p_{k}^{(5 / 2)^{n} \\alpha_{k}}\n$$\n\n\n\nwhere the exponents should be integers. But this is not true for large values of $n$, for example $\\left(\\frac{5}{2}\\right)^{n} \\alpha_{1}$ cannot be a integer number when $2^{n} \\nmid \\alpha_{1}$. Therefore, $g(x) \\neq 1$ is impossible.\n\nHence, $g(x)=1$ and thus $f(x)=\\frac{1}{x}$ for all $x$.\n\nThe function $f(x)=\\frac{1}{x}$ satisfies the equation (1):\n\n$$\nf\\left(f(x)^{2} y\\right)=\\frac{1}{f(x)^{2} y}=\\frac{1}{\\left(\\frac{1}{x}\\right)^{2} y}=\\frac{x^{3}}{x y}=x^{3} f(x y)\n$$"
        ],
        "final_answer": [
            "$f(x)=\\frac{1}{x}$"
        ],
        "is_multiple_answer": false,
        "unit": null,
        "answer_type": "Expression",
        "error": null
    },
    {
        "id": 1869,
        "subfield": "Number Theory",
        "context": null,
        "question": "Denote by $\\mathbb{N}$ the set of all positive integers. Find all functions $f: \\mathbb{N} \\rightarrow \\mathbb{N}$ such that for all positive integers $m$ and $n$, the integer $f(m)+f(n)-m n$ is nonzero and divides $m f(m)+n f(n)$.",
        "solution": [
            "It is given that\n\n$$\nf(m)+f(n)-m n \\mid m f(m)+n f(n) .\n\\tag{1}\n$$\n\nTaking $m=n=1$ in (1), we have $2 f(1)-1 \\mid 2 f(1)$. Then $2 f(1)-1 \\mid 2 f(1)-(2 f(1)-1)=1$ and hence $f(1)=1$.\n\nLet $p \\geqslant 7$ be a prime. Taking $m=p$ and $n=1$ in (1), we have $f(p)-p+1 \\mid p f(p)+1$ and hence\n\n$$\nf(p)-p+1 \\mid p f(p)+1-p(f(p)-p+1)=p^{2}-p+1 .\n$$\n\nIf $f(p)-p+1=p^{2}-p+1$, then $f(p)=p^{2}$. If $f(p)-p+1 \\neq p^{2}-p+1$, as $p^{2}-p+1$ is an odd positive integer, we have $p^{2}-p+1 \\geqslant 3(f(p)-p+1)$, that is,\n\n$$\nf(p) \\leqslant \\frac{1}{3}\\left(p^{2}+2 p-2\\right)\n\\tag{2}\n$$\n\nTaking $m=n=p$ in (1), we have $2 f(p)-p^{2} \\mid 2 p f(p)$. This implies\n\n$$\n2 f(p)-p^{2} \\mid 2 p f(p)-p\\left(2 f(p)-p^{2}\\right)=p^{3} .\n$$\n\nBy $(2)$ and $f(p) \\geqslant 1$, we get\n\n$$\n-p^{2}<2 f(p)-p^{2} \\leqslant \\frac{2}{3}\\left(p^{2}+2 p-2\\right)-p^{2}<-p\n$$\n\nsince $p \\geqslant 7$. This contradicts the fact that $2 f(p)-p^{2}$ is a factor of $p^{3}$. Thus we have proved that $f(p)=p^{2}$ for all primes $p \\geqslant 7$.\n\nLet $n$ be a fixed positive integer. Choose a sufficiently large prime $p$. Consider $m=p$ in (1). We obtain\n\n$$\nf(p)+f(n)-p n \\mid p f(p)+n f(n)-n(f(p)+f(n)-p n)=p f(p)-n f(p)+p n^{2} .\n$$\n\nAs $f(p)=p^{2}$, this implies $p^{2}-p n+f(n) \\mid p\\left(p^{2}-p n+n^{2}\\right)$. As $p$ is sufficiently large and $n$ is fixed, $p$ cannot divide $f(n)$, and so $\\left(p, p^{2}-p n+f(n)\\right)=1$. It follows that $p^{2}-p n+f(n) \\mid p^{2}-p n+n^{2}$ and hence\n\n$$\np^{2}-p n+f(n) \\mid\\left(p^{2}-p n+n^{2}\\right)-\\left(p^{2}-p n+f(n)\\right)=n^{2}-f(n) .\n$$\n\nNote that $n^{2}-f(n)$ is fixed while $p^{2}-p n+f(n)$ is chosen to be sufficiently large. Therefore, we must have $n^{2}-f(n)=0$ so that $f(n)=n^{2}$ for any positive integer $n$.\n\nFinally, we check that when $f(n)=n^{2}$ for any positive integer $n$, then\n\n$$\nf(m)+f(n)-m n=m^{2}+n^{2}-m n\n$$\n\nand\n\n$$\nm f(m)+n f(n)=m^{3}+n^{3}=(m+n)\\left(m^{2}+n^{2}-m n\\right) .\n$$\n\nThe latter expression is divisible by the former for any positive integers $m, n$. This shows $f(n)=n^{2}$ is the only solution."
        ],
        "final_answer": [
            "$f(n)=n^{2}$"
        ],
        "is_multiple_answer": false,
        "unit": null,
        "answer_type": "Expression",
        "error": null
    },
    {
        "id": 1879,
        "subfield": "Algebra",
        "context": null,
        "question": "Let $\\mathbb{R}^{+}$be the set of positive real numbers. Determine all functions $f: \\mathbb{R}^{+} \\rightarrow \\mathbb{R}^{+}$ such that, for all positive real numbers $x$ and $y$,\n\n$$\nf(x+f(x y))+y=f(x) f(y)+1\n\\tag{*}\n$$",
        "solution": [
            "A straightforward check shows that $f(x)=x+1$ satisfies (*). We divide the proof of the converse statement into a sequence of steps.\n\nStep 1: $f$ is injective.\n\nPut $x=1$ in (*) and rearrange the terms to get\n\n$$\ny=f(1) f(y)+1-f(1+f(y))\n$$\n\nTherefore, if $f\\left(y_{1}\\right)=f\\left(y_{2}\\right)$, then $y_{1}=y_{2}$.\n\nStep 2: $f$ is (strictly) monotone increasing.\n\nFor any fixed $y \\in \\mathbb{R}^{+}$, the function\n\n$$\ng(x):=f(x+f(x y))=f(x) f(y)+1-y\n$$\n\nis injective by Step 1. Therefore, $x_{1}+f\\left(x_{1} y\\right) \\neq x_{2}+f\\left(x_{2} y\\right)$ for all $y, x_{1}, x_{2} \\in \\mathbb{R}^{+}$with $x_{1} \\neq x_{2}$. Plugging in $z_{i}=x_{i} y$, we arrive at\n\n$$\n\\frac{z_{1}-z_{2}}{y} \\neq f\\left(z_{2}\\right)-f\\left(z_{1}\\right), \\quad \\text { or } \\quad \\frac{1}{y} \\neq \\frac{f\\left(z_{2}\\right)-f\\left(z_{1}\\right)}{z_{1}-z_{2}}\n$$\n\nfor all $y, z_{1}, z_{2} \\in \\mathbb{R}^{+}$with $z_{1} \\neq z_{2}$. This means that the right-hand side of the rightmost relation is always non-positive, i.e., $f$ is monotone non-decreasing. Since $f$ is injective, it is strictly monotone.\n\nStep 3: There exist constants $a$ and $b$ such that $f(y)=a y+b$ for all $y \\in \\mathbb{R}^{+}$.\n\nSince $f$ is monotone and bounded from below by 0 , for each $x_{0} \\geqslant 0$, there exists a right limit $\\lim _{x \\searrow x_{0}} f(x) \\geqslant 0$. Put $p=\\lim _{x \\searrow 0} f(x)$ and $q=\\lim _{x \\searrow p} f(x)$.\n\nFix an arbitrary $y$ and take the limit of $(*)$ as $x \\searrow 0$. We have $f(x y) \\searrow p$ and hence $f(x+f(x y)) \\searrow q$; therefore, we obtain\n\n$$\nq+y=p f(y)+1, \\quad \\text { or } \\quad f(y)=\\frac{q+y-1}{p}\n$$\n\n(Notice that $p \\neq 0$, otherwise $q+y=1$ for all $y$, which is absurd.) The claim is proved.\n\nStep 4: $f(x)=x+1$ for all $x \\in \\mathbb{R}^{+}$.\n\nBased on the previous step, write $f(x)=a x+b$. Putting this relation into (*) we get\n\n$$\na(x+a x y+b)+b+y=(a x+b)(a y+b)+1,\n$$\n\nwhich can be rewritten as\n\n$$\n(a-a b) x+(1-a b) y+a b+b-b^{2}-1=0 \\quad \\text { for all } x, y \\in \\mathbb{R}^{+}\n$$\n\nThis identity may hold only if all the coefficients are 0 , i.e.,\n\n$$\na-a b=1-a b=a b+b-b^{2}-1=0 .\n$$\n\nHence, $a=b=1$.",
            "We provide another proof that $f(x)=x+1$ is the only function satisfying $(*)$.\n\nPut $a=f(1)$. Define the function $\\phi: \\mathbb{R}^{+} \\rightarrow \\mathbb{R}$ by\n\n$$\n\\phi(x)=f(x)-x-1\n$$\n\nThen equation $(*)$ reads as\n\n$$\n\\phi(x+f(x y))=f(x) f(y)-f(x y)-x-y .\n\\tag{1}\n$$\n\nSince the right-hand side of (1) is symmetric under swapping $x$ and $y$, we obtain\n\n$$\n\\phi(x+f(x y))=\\phi(y+f(x y))\n$$\n\nIn particular, substituting $(x, y)=(t, 1 / t)$ we get\n\n$$\n\\phi(a+t)=\\phi\\left(a+\\frac{1}{t}\\right), \\quad t \\in \\mathbb{R}^{+}\n\\tag{2}\n$$\n\nNotice that the function $f$ is bounded from below by a positive constant. Indeed, for each $y \\in \\mathbb{R}^{+}$, the relation $(*)$ yields $f(x) f(y)>y-1$, hence\n\n$$\nf(x)>\\frac{y-1}{f(y)} \\quad \\text { for all } x \\in \\mathbb{R}^{+}\n$$\n\nIf $y>1$, this provides a desired positive lower bound for $f(x)$.\n\nNow, let $M=\\inf _{x \\in \\mathbb{R}^{+}} f(x)>0$. Then, for all $y \\in \\mathbb{R}^{+}$,\n\n$$\nM \\geqslant \\frac{y-1}{f(y)}, \\quad \\text { or } \\quad f(y) \\geqslant \\frac{y-1}{M}\n\\tag{3}\n$$\n\nLemma 1. The function $f(x)$ (and hence $\\phi(x)$ ) is bounded on any segment $[p, q]$, where $0<p<q<+\\infty$.\n\nProof. $f$ is bounded from below by $M$. It remains to show that $f$ is bounded from above on $[p, q]$. Substituting $y=1$ into $(*)$, we get\n\n$$\nf(x+f(x))=a f(x)\n\\tag{4}\n$$\n\nTake $z \\in[p, q]$ and put $s=f(z)$. By (4), we have\n\n$$\nf(z+s)=a s \\quad \\text { and } \\quad f(z+s+a s)=f(z+s+f(z+s))=a^{2} s\n$$\n\nPlugging in $(x, y)=\\left(z, 1+\\frac{s}{z}\\right)$ to $(*)$ and using (3), we obtain\n\n$$\nf(z+a s)=f(z+f(z+s))=s f\\left(1+\\frac{s}{z}\\right)-\\frac{s}{z} \\geqslant \\frac{s^{2}}{M z}-\\frac{s}{z}\n$$\n\nNow, substituting $(x, y)=\\left(z+a s, \\frac{z}{z+a s}\\right)$ to $(*)$ and applying the above estimate and the estimate $f(y) \\geqslant M$, we obtain\n\n$$\n\\begin{aligned}\n& a^{2} s=f(z+s+a s)=f(z+a s+f(z))=f(z+a s) f\\left(\\frac{z}{z+a s}\\right)+1-\\frac{z}{z+a s} \\\\\n& \\geqslant M f(z+a s) \\geqslant \\frac{s^{2}}{z}-\\frac{M s}{z} \\geqslant \\frac{s^{2}}{q}-\\frac{M s}{p}\n\\end{aligned}\n$$\n\nThis yields $s \\leqslant q\\left(\\frac{M}{p}+a^{2}\\right)=: L$, and $f$ is bounded from above by $L$ on $[p, q]$.\n\n\n\nApplying Lemma 1 to the segment $[a, a+1]$, we see that $\\phi$ is bounded on it. By $(2)$ we get that $\\phi$ is also bounded on $[a+1,+\\infty)$, and hence on $[a,+\\infty)$. Put $C=\\max \\{a, 3\\}$.\n\nLemma 2. For all $x \\geqslant C$, we have $\\phi(x)=0$ (and hence $f(x)=x+1$ ).\n\nProof. Substituting $y=x$ to (1), we obtain\n\n$$\n\\phi\\left(x+f\\left(x^{2}\\right)\\right)=f(x)^{2}-f\\left(x^{2}\\right)-2 x\n$$\n\nhence,\n\n$$\n\\phi\\left(x+f\\left(x^{2}\\right)\\right)+\\phi\\left(x^{2}\\right)=f(x)^{2}-(x+1)^{2}=\\phi(x)(f(x)+x+1) .\n\\tag{5}\n$$\n\nSince $f(x)+x+1 \\geqslant C+1 \\geqslant 4$, we obtain that\n\n$$\n|\\phi(x)| \\leqslant \\frac{1}{4}\\left(\\left|\\phi\\left(x+f\\left(x^{2}\\right)\\right)\\right|+\\left|\\phi\\left(x^{2}\\right)\\right|\\right)\n\\tag{6}\n$$\n\nSince $C \\geqslant a$, there exists a finite supremum $S=\\sup _{x \\geqslant C}|\\phi(x)|$. For each $x \\in[C,+\\infty)$, both $x+f\\left(x^{2}\\right)$ and $x^{2}$ are greater than $x$; hence they also lie in $[C,+\\infty)$. Therefore, taking the supremum of the left-hand side of (6) over $x \\in[C,+\\infty)$, we obtain $S \\leqslant S / 2$ and hence $S=0$. Thus, $\\phi(x)=0$ for all $x \\geqslant C$.\n\nIt remains to show that $f(y)=y+1$ when $0<y<C$. For each $y$, choose $x>\\max \\left\\{C, \\frac{C}{y}\\right\\}$. Then all three numbers $x, x y$, and $x+f(x y)$ are greater than $C$, so $(*)$ reads as\n\n$$\n(x+x y+1)+1+y=(x+1) f(y)+1, \\text { hence } f(y)=y+1\n$$"
        ],
        "final_answer": [
            "$f(x)=x+1$"
        ],
        "is_multiple_answer": false,
        "unit": null,
        "answer_type": "Expression",
        "error": null
    },
    {
        "id": 1938,
        "subfield": "Algebra",
        "context": null,
        "question": "Determine all functions $f: \\mathbb{Z} \\rightarrow \\mathbb{Z}$ with the property that\n\n$$\nf(x-f(y))=f(f(x))-f(y)-1\n\\tag{1}\n$$\n\nholds for all $x, y \\in \\mathbb{Z}$.",
        "solution": [
            "It is immediately checked that both functions mentioned in the answer are as desired.\n\nNow let $f$ denote any function satisfying (1) for all $x, y \\in \\mathbb{Z}$. Substituting $x=0$ and $y=f(0)$ into (1) we learn that the number $z=-f(f(0))$ satisfies $f(z)=-1$. So by plugging $y=z$ into (1) we deduce that\n\n$$\nf(x+1)=f(f(x))\n\\tag{2}\n$$\n\nholds for all $x \\in \\mathbb{Z}$. Thereby (1) simplifies to\n\n$$\nf(x-f(y))=f(x+1)-f(y)-1 .\n\\tag{3}\n$$\n\nWe now work towards showing that $f$ is linear by contemplating the difference $f(x+1)-f(x)$ for any $x \\in \\mathbb{Z}$. By applying (3) with $y=x$ and (2) in this order, we obtain\n\n$$\nf(x+1)-f(x)=f(x-f(x))+1=f(f(x-1-f(x)))+1 .\n$$\n\nSince (3) shows $f(x-1-f(x))=f(x)-f(x)-1=-1$, this simplifies to\n\n$$\nf(x+1)=f(x)+A\n$$\n\nwhere $A=f(-1)+1$ is some absolute constant.\n\nNow a standard induction in both directions reveals that $f$ is indeed linear and that in fact we have $f(x)=A x+B$ for all $x \\in \\mathbb{Z}$, where $B=f(0)$. Substituting this into (2) we obtain that\n\n$$\nA x+(A+B)=A^{2} x+(A B+B)\n$$\n\nholds for all $x \\in \\mathbb{Z}$; applying this to $x=0$ and $x=1$ we infer $A+B=A B+B$ and $A^{2}=A$. The second equation leads to $A=0$ or $A=1$. In case $A=1$, the first equation gives $B=1$, meaning that $f$ has to be the successor function. If $A=0$, then $f$ is constant and (1) shows that its constant value has to be -1 . Thereby the solution is complete.",
            "We commence by deriving (2) and (3) as in the first solution. Now provided that $f$ is injective, (2) tells us that $f$ is the successor function. Thus we may assume from now on that $f$ is not injective, i.e., that there are two integers $a>b$ with $f(a)=f(b)$. A straightforward induction using (2) in the induction step reveals that we have $f(a+n)=f(b+n)$ for all nonnegative integers $n$. Consequently, the sequence $\\gamma_{n}=f(b+n)$ is periodic and thus in particular bounded, which means that the numbers\n\n$$\n\\varphi=\\min _{n \\geqslant 0} \\gamma_{n} \\quad \\text { and } \\quad \\psi=\\max _{n \\geqslant 0} \\gamma_{n}\n$$\n\nexist.\n\nLet us pick any integer $y$ with $f(y)=\\varphi$ and then an integer $x \\geqslant a$ with $f(x-f(y))=\\varphi$. Due to the definition of $\\varphi$ and (3) we have\n\n$$\n\\varphi \\leqslant f(x+1)=f(x-f(y))+f(y)+1=2 \\varphi+1\n$$\n\nwhence $\\varphi \\geqslant-1$. The same reasoning applied to $\\psi$ yields $\\psi \\leqslant-1$. Since $\\varphi \\leqslant \\psi$ holds trivially, it follows that $\\varphi=\\psi=-1$, or in other words that we have $f(t)=-1$ for all integers $t \\geqslant a$.\n\nFinally, if any integer $y$ is given, we may find an integer $x$ which is so large that $x+1 \\geqslant a$ and $x-f(y) \\geqslant a$ hold. Due to (3) and the result from the previous paragraph we get\n\n$$\nf(y)=f(x+1)-f(x-f(y))-1=(-1)-(-1)-1=-1 .\n$$\n\nThereby the problem is solved.",
            "Set $d=f(0)$. By plugging $x=f(y)$ into (1) we obtain\n\n$$\nf^{3}(y)=f(y)+d+1\n\\tag{4}\n$$\n\nfor all $y \\in \\mathbb{Z}$, where the left-hand side abbreviates $f(f(f(y)))$. When we replace $x$ in (1) by $f(x)$ we obtain $f(f(x)-f(y))=f^{3}(x)-f(y)-1$ and as a consequence of (4) this simplifies to\n\n$$\nf(f(x)-f(y))=f(x)-f(y)+d\n\\tag{5}\n$$\n\nNow we consider the set\n\n$$\nE=\\{f(x)-d \\mid x \\in \\mathbb{Z}\\}\n\\tag{6}\n$$\n\nGiven two integers $a$ and $b$ from $E$, we may pick some integers $x$ and $y$ with $f(x)=a+d$ and $f(y)=b+d$; now (5) tells us that $f(a-b)=(a-b)+d$, which means that $a-b$ itself exemplifies $a-b \\in E$. Thus,\n\n$$\nE \\text { is closed under taking differences. }\n$$\n\nAlso, the definitions of $d$ and $E$ yield $0 \\in E$. If $E=\\{0\\}$, then $f$ is a constant function and (1) implies that the only value attained by $f$ is indeed -1 .\n\nSo let us henceforth suppose that $E$ contains some number besides zero. It is known that in this case (6) entails $E$ to be the set of all integer multiples of some positive integer $k$. Indeed, this holds for\n\n$$\nk=\\min \\{|x| \\mid x \\in E \\text { and } x \\neq 0\\}\n$$\n\nas one may verify by an argument based on division with remainder.\n\nThus we have\n\n$$\n\\{f(x) \\mid x \\in \\mathbb{Z}\\}=\\{k \\cdot t+d \\mid t \\in \\mathbb{Z}\\}\n\\tag{7}\n$$\n\nDue to (5) and (7) we get\n\n$$\nf(k \\cdot t)=k \\cdot t+d\n$$\n\n\n\nfor all $t \\in \\mathbb{Z}$, whence in particular $f(k)=k+d$. So by comparing the results of substituting $y=0$ and $y=k$ into (1) we learn that\n\n$$\nf(z+k)=f(z)+k\n\\tag{8}\n$$\n\nholds for all integers $z$. In plain English, this means that on any residue class modulo $k$ the function $f$ is linear with slope 1 .\n\nNow by (7) the set of all values attained by $f$ is such a residue class. Hence, there exists an absolute constant $c$ such that $f(f(x))=f(x)+c$ holds for all $x \\in \\mathbb{Z}$. Thereby (1) simplifies to\n\n$$\nf(x-f(y))=f(x)-f(y)+c-1 .\n\\tag{9}\n$$\n\nOn the other hand, considering (1) modulo $k$ we obtain $d \\equiv-1(\\bmod k)$ because of $(7)$. So by (7) again, $f$ attains the value -1 .\n\nThus we may apply (9) to some integer $y$ with $f(y)=-1$, which gives $f(x+1)=f(x)+c$. So $f$ is a linear function with slope $c$. Hence, (8) leads to $c=1$, wherefore there is an absolute constant $d^{\\prime}$ with $f(x)=x+d^{\\prime}$ for all $x \\in \\mathbb{Z}$. Using this for $x=0$ we obtain $d^{\\prime}=d$ and finally (4) discloses $d=1$, meaning that $f$ is indeed the successor function."
        ],
        "final_answer": [
            "$f(x)=-1$,$f(x)=x+1$"
        ],
        "is_multiple_answer": true,
        "unit": null,
        "answer_type": "Expression",
        "error": null
    },
    {
        "id": 1940,
        "subfield": "Algebra",
        "context": null,
        "question": "Find all functions $f: \\mathbb{R} \\rightarrow \\mathbb{R}$ satisfying the equation\n\n$$\nf(x+f(x+y))+f(x y)=x+f(x+y)+y f(x)\\tag{1}\n$$\n\nfor all real numbers $x$ and $y$.",
        "solution": [
            "Clearly, each of the functions $x \\mapsto x$ and $x \\mapsto 2-x$ satisfies (1). It suffices now to show that they are the only solutions to the problem.\n\nSuppose that $f$ is any function satisfying (1). Then setting $y=1$ in (1), we obtain\n\n$$\nf(x+f(x+1))=x+f(x+1)\\tag{2}\n$$\n\nin other words, $x+f(x+1)$ is a fixed point of $f$ for every $x \\in \\mathbb{R}$.\n\nWe distinguish two cases regarding the value of $f(0)$.\n\nCase 1. $f(0) \\neq 0$.\n\nBy letting $x=0$ in (1), we have\n\n$$\nf(f(y))+f(0)=f(y)+y f(0) .\n$$\n\nSo, if $y_{0}$ is a fixed point of $f$, then substituting $y=y_{0}$ in the above equation we get $y_{0}=1$. Thus, it follows from (2) that $x+f(x+1)=1$ for all $x \\in \\mathbb{R}$. That is, $f(x)=2-x$ for all $x \\in \\mathbb{R}$. Case 2. $f(0)=0$.\n\nBy letting $y=0$ and replacing $x$ by $x+1$ in (1), we obtain\n\n$$\nf(x+f(x+1)+1)=x+f(x+1)+1 .\\tag{3}\n$$\n\nFrom (1), the substitution $x=1$ yields\n\n$$\nf(1+f(y+1))+f(y)=1+f(y+1)+y f(1) .\\tag{4}\n$$\n\nBy plugging $x=-1$ into (2), we see that $f(-1)=-1$. We then plug $y=-1$ into (4) and deduce that $f(1)=1$. Hence, (4) reduces to\n\n$$\nf(1+f(y+1))+f(y)=1+f(y+1)+y .\\tag{5}\n$$\n\nAccordingly, if both $y_{0}$ and $y_{0}+1$ are fixed points of $f$, then so is $y_{0}+2$. Thus, it follows from (2) and (3) that $x+f(x+1)+2$ is a fixed point of $f$ for every $x \\in \\mathbb{R}$; i.e.,\n\n$$\nf(x+f(x+1)+2)=x+f(x+1)+2 .\n$$\n\nReplacing $x$ by $x-2$ simplifies the above equation to\n\n$$\nf(x+f(x-1))=x+f(x-1) \\text {. }\n$$\n\nOn the other hand, we set $y=-1$ in (1) and get\n\n$$\nf(x+f(x-1))=x+f(x-1)-f(x)-f(-x) .\n$$\n\nTherefore, $f(-x)=-f(x)$ for all $x \\in \\mathbb{R}$.\n\nFinally, we substitute $(x, y)$ by $(-1,-y)$ in (1) and use the fact that $f(-1)=-1$ to get\n\n$$\nf(-1+f(-y-1))+f(y)=-1+f(-y-1)+y\n$$\n\nSince $f$ is an odd function, the above equation becomes\n\n$$\n-f(1+f(y+1))+f(y)=-1-f(y+1)+y \\text {. }\n$$\n\nBy adding this equation to (5), we conclude that $f(y)=y$ for all $y \\in \\mathbb{R}$."
        ],
        "final_answer": [
            "$f(x)=x$,$f(x)=2-x$"
        ],
        "is_multiple_answer": true,
        "unit": null,
        "answer_type": "Expression",
        "error": null
    },
    {
        "id": 1965,
        "subfield": "Number Theory",
        "context": null,
        "question": "For every positive integer $n$ with prime factorization $n=\\prod_{i=1}^{k} p_{i}^{\\alpha_{i}}$, define\n\n$$\n\\mho(n)=\\sum_{i: p_{i}>10^{100}} \\alpha_{i}\\tag{1}\n$$\n\nThat is, $\\mho(n)$ is the number of prime factors of $n$ greater than $10^{100}$, counted with multiplicity.\n\nFind all strictly increasing functions $f: \\mathbb{Z} \\rightarrow \\mathbb{Z}$ such that\n\n$$\n\\mho(f(a)-f(b)) \\leqslant \\mho(a-b) \\quad \\text { for all integers } a \\text { and } b \\text { with } a>b \\text {. }\n$$",
        "solution": [
            "A straightforward check shows that all the functions listed in the answer satisfy the problem condition. It remains to show the converse.\n\nAssume that $f$ is a function satisfying the problem condition. Notice that the function $g(x)=f(x)-f(0)$ also satisfies this condition. Replacing $f$ by $g$, we assume from now on that $f(0)=0$; then $f(n)>0$ for any positive integer $n$. Thus, we aim to prove that there exists a positive integer $a$ with $\\mho(a)=0$ such that $f(n)=a n$ for all $n \\in \\mathbb{Z}$.\n\nWe start by introducing some notation. Set $N=10^{100}$. We say that a prime $p$ is large if $p>N$, and $p$ is small otherwise; let $\\mathcal{S}$ be the set of all small primes. Next, we say that a positive integer is large or small if all its prime factors are such (thus, the number 1 is the unique number which is both large and small). For a positive integer $k$, we denote the greatest large divisor of $k$ and the greatest small divisor of $k$ by $L(k)$ and $S(k)$, respectively; thus, $k=L(k) S(k)$.\n\nWe split the proof into three steps.\n\nStep 1. We prove that for every large $k$, we have $k|f(a)-f(b) \\Longleftrightarrow k| a-b$. In other $\\overline{\\text { words, }} L(f(a)-f(b))=L(a-b)$ for all integers $a$ and $b$ with $a>b$.\n\nWe use induction on $k$. The base case $k=1$ is trivial. For the induction step, assume that $k_{0}$ is a large number, and that the statement holds for all large numbers $k$ with $k<k_{0}$.\n\nClaim 1. For any integers $x$ and $y$ with $0<x-y<k_{0}$, the number $k_{0}$ does not divide $f(x)-f(y)$.\n\nProof. Assume, to the contrary, that $k_{0} \\mid f(x)-f(y)$. Let $\\ell=L(x-y)$; then $\\ell \\leqslant x-y<k_{0}$. By the induction hypothesis, $\\ell \\mid f(x)-f(y)$, and thus $\\operatorname{lcm}\\left(k_{0}, \\ell\\right) \\mid f(x)-f(y)$. Notice that $\\operatorname{lcm}\\left(k_{0}, \\ell\\right)$ is large, and $\\operatorname{lcm}\\left(k_{0}, \\ell\\right) \\geqslant k_{0}>\\ell$. But then\n\n$$\n\\mho(f(x)-f(y)) \\geqslant \\mho\\left(\\operatorname{lcm}\\left(k_{0}, \\ell\\right)\\right)>\\mho(\\ell)=\\mho(x-y),\n$$\n\nwhich is impossible.\n\nNow we complete the induction step. By Claim 1, for every integer $a$ each of the sequences\n\n$$\nf(a), f(a+1), \\ldots, f\\left(a+k_{0}-1\\right) \\quad \\text { and } \\quad f(a+1), f(a+2), \\ldots, f\\left(a+k_{0}\\right)\n$$\n\nforms a complete residue system modulo $k_{0}$. This yields $f(a) \\equiv f\\left(a+k_{0}\\right)\\left(\\bmod k_{0}\\right)$. Thus, $f(a) \\equiv f(b)\\left(\\bmod k_{0}\\right)$ whenever $a \\equiv b\\left(\\bmod k_{0}\\right)$.\n\nFinally, if $a \\not \\equiv b\\left(\\bmod k_{0}\\right)$ then there exists an integer $b^{\\prime}$ such that $b^{\\prime} \\equiv b\\left(\\bmod k_{0}\\right)$ and $\\left|a-b^{\\prime}\\right|<k_{0}$. Then $f(b) \\equiv f\\left(b^{\\prime}\\right) \\not \\equiv f(a)\\left(\\bmod k_{0}\\right)$. The induction step is proved.\n\nStep 2. We prove that for some small integer a there exist infinitely many integers $n$ such that $\\overline{f(n)}=$ an. In other words, $f$ is linear on some infinite set.\n\nWe start with the following general statement.\n\n\n\nClaim 2. There exists a constant $c$ such that $f(t)<c t$ for every positive integer $t>N$.\n\nProof. Let $d$ be the product of all small primes, and let $\\alpha$ be a positive integer such that $2^{\\alpha}>f(N)$. Then, for every $p \\in \\mathcal{S}$ the numbers $f(0), f(1), \\ldots, f(N)$ are distinct modulo $p^{\\alpha}$. Set $P=d^{\\alpha}$ and $c=P+f(N)$.\n\nChoose any integer $t>N$. Due to the choice of $\\alpha$, for every $p \\in \\mathcal{S}$ there exists at most one nonnegative integer $i \\leqslant N$ with $p^{\\alpha} \\mid f(t)-f(i)$. Since $|\\mathcal{S}|<N$, we can choose a nonnegative integer $j \\leqslant N$ such that $p^{\\alpha} \\nmid f(t)-f(j)$ for all $p \\in \\mathcal{S}$. Therefore, $S(f(t)-f(j))<P$.\n\nOn the other hand, Step 1 shows that $L(f(t)-f(j))=L(t-j) \\leqslant t-j$. Since $0 \\leqslant j \\leqslant N$, this yields\n\n$$\nf(t)=f(j)+L(f(t)-f(j)) \\cdot S(f(t)-f(j))<f(N)+(t-j) P \\leqslant(P+f(N)) t=c t\n$$\n\nNow let $\\mathcal{T}$ be the set of large primes. For every $t \\in \\mathcal{T}$, Step 1 implies $L(f(t))=t$, so the ratio $f(t) / t$ is an integer. Now Claim 2 leaves us with only finitely many choices for this ratio, which means that there exists an infinite subset $\\mathcal{T}^{\\prime} \\subseteq \\mathcal{T}$ and a positive integer $a$ such that $f(t)=a t$ for all $t \\in \\mathcal{T}^{\\prime}$, as required.\n\nSince $L(t)=L(f(t))=L(a) L(t)$ for all $t \\in \\mathcal{T}^{\\prime}$, we get $L(a)=1$, so the number $a$ is small.\n\nStep 3. We show that $f(x)=$ ax for all $x \\in \\mathbb{Z}$.\n\nLet $R_{i}=\\{x \\in \\mathbb{Z}: x \\equiv i(\\bmod N !)\\}$ denote the residue class of $i$ modulo $N !$.\n\nClaim 3. Assume that for some $r$, there are infinitely many $n \\in R_{r}$ such that $f(n)=a n$. Then $f(x)=a x$ for all $x \\in R_{r+1}$.\n\nProof. Choose any $x \\in R_{r+1}$. By our assumption, we can select $n \\in R_{r}$ such that $f(n)=$ an and $|n-x|>|f(x)-a x|$. Since $n-x \\equiv r-(r+1)=-1(\\bmod N !)$, the number $|n-x|$ is large. Therefore, by Step 1 we have $f(x) \\equiv f(n)=a n \\equiv a x(\\bmod n-x)$, so $n-x \\mid f(x)-a x$. Due to the choice of $n$, this yields $f(x)=a x$.\n\nTo complete Step 3, notice that the set $\\mathcal{T}^{\\prime}$ found in Step 2 contains infinitely many elements of some residue class $R_{i}$. Applying Claim 3, we successively obtain that $f(x)=a x$ for all $x \\in R_{i+1}, R_{i+2}, \\ldots, R_{i+N !}=R_{i}$. This finishes the solution."
        ],
        "final_answer": [
            "$f(x)=a x+b$, where $b$ is an arbitrary integer, and $a$ is an arbitrary positive integer with $\\mho(a)=0$"
        ],
        "is_multiple_answer": true,
        "unit": null,
        "answer_type": "Expression",
        "error": null
    },
    {
        "id": 1969,
        "subfield": "Algebra",
        "context": null,
        "question": "Determine all functions $f: \\mathbb{Z} \\rightarrow \\mathbb{Z}$ satisfying\n\n$$\nf(f(m)+n)+f(m)=f(n)+f(3 m)+2014\n\\tag{1}\n$$\n\nfor all integers $m$ and $n$.",
        "solution": [
            "Let $f$ be a function satisfying (1). Set $C=1007$ and define the function $g: \\mathbb{Z} \\rightarrow \\mathbb{Z}$ by $g(m)=f(3 m)-f(m)+2 C$ for all $m \\in \\mathbb{Z}$; in particular, $g(0)=2 C$. Now (1) rewrites as\n\n$$\nf(f(m)+n)=g(m)+f(n)\n$$\n\nfor all $m, n \\in \\mathbb{Z}$. By induction in both directions it follows that\n\n$$\nf(t f(m)+n)=\\operatorname{tg}(m)+f(n)\n\\tag{2}\n$$\n\nholds for all $m, n, t \\in \\mathbb{Z}$. Applying this, for any $r \\in \\mathbb{Z}$, to the triples $(r, 0, f(0))$ and $(0,0, f(r))$ in place of $(m, n, t)$ we obtain\n\n$$\nf(0) g(r)=f(f(r) f(0))-f(0)=f(r) g(0) \\text {. }\n$$\n\nNow if $f(0)$ vanished, then $g(0)=2 C>0$ would entail that $f$ vanishes identically, contrary to (1). Thus $f(0) \\neq 0$ and the previous equation yields $g(r)=\\alpha f(r)$, where $\\alpha=\\frac{g(0)}{f(0)}$ is some nonzero constant.\n\nSo the definition of $g$ reveals $f(3 m)=(1+\\alpha) f(m)-2 C$, i.e.,\n\n$$\nf(3 m)-\\beta=(1+\\alpha)(f(m)-\\beta)\n\\tag{3}\n$$\n\nfor all $m \\in \\mathbb{Z}$, where $\\beta=\\frac{2 C}{\\alpha}$. By induction on $k$ this implies\n\n$$\nf\\left(3^{k} m\\right)-\\beta=(1+\\alpha)^{k}(f(m)-\\beta)\n\\tag{4}\n$$\n\nfor all integers $k \\geqslant 0$ and $m$.\n\nSince $3 \\nmid 2014$, there exists by (1) some value $d=f(a)$ attained by $f$ that is not divisible by 3 . Now by (2) we have $f(n+t d)=f(n)+t g(a)=f(n)+\\alpha \\cdot t f(a)$, i.e.,\n\n$$\nf(n+t d)=f(n)+\\alpha \\cdot t d\n\\tag{5}\n$$\n\nfor all $n, t \\in \\mathbb{Z}$.\n\nLet us fix any positive integer $k$ with $d \\mid\\left(3^{k}-1\\right)$, which is possible, since $\\operatorname{gcd}(3, d)=1$. E.g., by the Euler-Fermat theorem, we may take $k=\\varphi(|d|)$. Now for each $m \\in \\mathbb{Z}$ we get\n\n$$\nf\\left(3^{k} m\\right)=f(m)+\\alpha\\left(3^{k}-1\\right) m\n$$\n\nfrom (5), which in view of (4) yields $\\left((1+\\alpha)^{k}-1\\right)(f(m)-\\beta)=\\alpha\\left(3^{k}-1\\right) m$. Since $\\alpha \\neq 0$, the right hand side does not vanish for $m \\neq 0$, wherefore the first factor on the left hand side cannot vanish either. It follows that\n\n$$\nf(m)=\\frac{\\alpha\\left(3^{k}-1\\right)}{(1+\\alpha)^{k}-1} \\cdot m+\\beta\n$$\n\n\n\nSo $f$ is a linear function, say $f(m)=A m+\\beta$ for all $m \\in \\mathbb{Z}$ with some constant $A \\in \\mathbb{Q}$. Plugging this into (1) one obtains $\\left(A^{2}-2 A\\right) m+(A \\beta-2 C)=0$ for all $m$, which is equivalent to the conjunction of\n\n$$\nA^{2}=2 A \\quad \\text { and } \\quad A \\beta=2 C .\n\\tag{6}\n$$\n\nThe first equation is equivalent to $A \\in\\{0,2\\}$, and as $C \\neq 0$ the second one gives\n\n$$\nA=2 \\quad \\text { and } \\quad \\beta=C .\n\\tag{7}\n$$\n\nThis shows that $f$ is indeed the function mentioned in the answer and as the numbers found in (7) do indeed satisfy the equations (6) this function is indeed as desired."
        ],
        "final_answer": [
            "$f(n) = 2 n+1007$"
        ],
        "is_multiple_answer": false,
        "unit": null,
        "answer_type": "Expression",
        "error": null
    },
    {
        "id": 1998,
        "subfield": "Algebra",
        "context": null,
        "question": "Let $\\mathbb{R}_{>0}$ be the set of positive real numbers. Find all functions $f: \\mathbb{R}_{>0} \\rightarrow \\mathbb{R}_{>0}$ such that, for every $x \\in \\mathbb{R}_{>0}$, there exists a unique $y \\in \\mathbb{R}_{>0}$ satisfying\n\n$$\nx f(y)+y f(x) \\leqslant 2 .\n$$",
        "solution": [
            "First we prove that the function $f(x)=1 / x$ satisfies the condition of the problem statement. The AM-GM inequality gives\n\n$$\n\\frac{x}{y}+\\frac{y}{x} \\geqslant 2\n$$\n\nfor every $x, y>0$, with equality if and only if $x=y$. This means that, for every $x>0$, there exists a unique $y>0$ such that\n\n$$\n\\frac{x}{y}+\\frac{y}{x} \\leqslant 2\n$$\n\nnamely $y=x$.\n\nLet now $f: \\mathbb{R}_{>0} \\rightarrow \\mathbb{R}_{>0}$ be a function that satisfies the condition of the problem statement. We say that a pair of positive real numbers $(x, y)$ is $\\operatorname{good}$ if $x f(y)+y f(x) \\leqslant 2$. Observe that if $(x, y)$ is good, then so is $(y, x)$.\n\nLemma 1.0. If $(x, y)$ is good, then $x=y$.\n\nProof. Assume that there exist positive real numbers $x \\neq y$ such that $(x, y)$ is good. The uniqueness assumption says that $y$ is the unique positive real number such that $(x, y)$ is good. In particular, $(x, x)$ is not a good pair. This means that\n\n$$\nx f(x)+x f(x)>2\n$$\n\nand thus $x f(x)>1$. Similarly, $(y, x)$ is a good pair, so $(y, y)$ is not a good pair, which implies $y f(y)>1$. We apply the AM-GM inequality to obtain\n\n$$\nx f(y)+y f(x) \\geqslant 2 \\sqrt{x f(y) \\cdot y f(x)}=2 \\sqrt{x f(x) \\cdot y f(y)}>2\n$$\n\nThis is a contradiction, since $(x, y)$ is a good pair.\n\nBy assumption, for any $x>0$, there always exists a good pair containing $x$, however Lemma 1 implies that the only good pair that can contain $x$ is $(x, x)$, so\n\n$$\nx f(x) \\leqslant 1 \\quad \\Longleftrightarrow \\quad f(x) \\leqslant \\frac{1}{x},\n$$\n\nfor every $x>0$.\n\nIn particular, with $x=1 / f(t)$ for $t>0$, we obtain\n\n$$\n\\frac{1}{f(t)} \\cdot f\\left(\\frac{1}{f(t)}\\right) \\leqslant 1\n$$\n\nHence\n\n$$\nt \\cdot f\\left(\\frac{1}{f(t)}\\right) \\leqslant t f(t) \\leqslant 1\n$$\n\nWe claim that $(t, 1 / f(t))$ is a good pair for every $t>0$. Indeed,\n\n$$\nt \\cdot f\\left(\\frac{1}{f(t)}\\right)+\\frac{1}{f(t)} f(t)=t \\cdot f\\left(\\frac{1}{f(t)}\\right)+1 \\leqslant 2\n$$\n\nLemma 1 implies that $t=1 / f(t) \\Longleftrightarrow f(t)=1 / t$ for every $t>0$.\n\n\n1. We give an alternative way to prove that $f(x)=1 / x$ assuming $f(x) \\leqslant 1 / x$ for every $x>0$.\n\nIndeed, if $f(x)<1 / x$ then for every $a>0$ with $f(x)<1 / a<1 / x$ (and there are at least two of them), we have\n\n$$\na f(x)+x f(a)<1+\\frac{x}{a}<2 .\n$$\n\nHence $(x, a)$ is a good pair for every such $a$, a contradiction. We conclude that $f(x)=1 / x$.\n\n\n2. We can also conclude from Lemma 1 and $f(x) \\leqslant 1 / x$ as follows.\n\nLemma 2. The function $f$ is decreasing.\n\nProof. Let $y>x>0$. Lemma 1 says that $(x, y)$ is not a good pair, but $(y, y)$ is. Hence\n\n$$\nx f(y)+y f(x)>2 \\geqslant 2 y f(y)>y f(y)+x f(y),\n$$\n\nwhere we used $y>x$ (and $f(y)>0$ ) in the last inequality. This implies that $f(x)>f(y)$, showing that $f$ is decreasing.\n\nWe now prove that $f(x)=1 / x$ for all $x$. Fix a value of $x$ and note that for $y>x$ we must have $x f(x)+y f(x)>x f(y)+y f(x)>2$ (using that $f$ is decreasing for the first step), hence $f(x)>\\frac{2}{x+y}$. The last inequality is true for every $y>x>0$. If we fix $x$ and look for the supremum of the expression $\\frac{2}{x+y}$ over all $y>x$, we get\n\n$$\nf(x) \\geqslant \\frac{2}{x+x}=\\frac{1}{x}\n$$\n\nSince we already know that $f(x) \\leqslant 1 / x$, we conclude that $f(x)=1 / x$.",
            "As in the first solution, we note that $f(x)=1 / x$ is a solution, and we set out to prove that it is the only one. We write $g(x)$ for the unique positive real number such that $(x, g(x))$ is a good pair. In this solution, we prove Lemma 2 without assuming Lemma 1.\n\nLemma 2. The function $f$ is decreasing.\n\nProof. Consider $x<y$. It holds that $y f(g(y))+g(y) f(y) \\leqslant 2$. Moreover, because $y$ is the only positive real number such that $(g(y), y)$ is a good pair and $x \\neq y$, we have $x f(g(y))+g(y) f(x)>$ 2. Combining these two inequalities yields\n\n$$\nx f(g(y))+g(y) f(x)>2 \\geqslant y f(g(y))+g(y) f(y)\n$$\n\nor $f(g(y))(x-y)>g(y)(f(y)-f(x))$. Because $g(y)$ and $f(g(y))$ are both positive while $x-y$ is negative, it follows that $f(y)<f(x)$, showing that $f$ is decreasing.\n\nWe now prove Lemma 1 using Lemma 2. Suppose that $x \\neq y$ but $x f(y)+y f(x) \\leqslant 2$. As in the first solution, we get $x f(x)+x f(x)>2$ and $y f(y)+y f(y)>2$, which implies $x f(x)+y f(y)>2$. Now\n\n$$\nx f(x)+y f(y)>2 \\geqslant x f(y)+y f(x)\n$$\n\nimplies $(x-y)(f(x)-f(y))>0$, which contradicts the fact that $f$ is decreasing. So $y=x$ is the unique $y$ such that $(x, y)$ is a good pair, and in particular we have $f(x) \\leqslant 1 / x$.\n\nWe can now conclude the proof",
            "As in the other solutions we verify that the function $f(x)=1 / x$ is a solution. We first want to prove the following lemma:\n\nLemma 3. For all $x \\in \\mathbb{R}_{>0}$ we actually have $x f(g(x))+g(x) f(x)=2$ (that is: the inequality is actually an equality).\n\n\n\nProof. We proceed by contradiction: Assume there exists some number $x>0$ such that for $y=g(x)$ we have $x f(y)+y f(x)<2$. Then for any $0<\\epsilon<\\frac{2-x f(y)-y f(x)}{2 f(x)}$ we have, by uniqueness of $y$, that $x f(y+\\epsilon)+(y+\\epsilon) f(x)>2$. Therefore\n\n$$\n\\begin{aligned}\nf(y+\\epsilon) & >\\frac{2-(y+\\epsilon) f(x)}{x}=\\frac{2-y f(x)-\\epsilon f(x)}{x} \\\\\n& >\\frac{2-y f(x)-\\frac{2-x f(y)-y f(x)}{2}}{x} \\\\\n& =\\frac{2-x f(y)-y f(x)}{2 x}+f(y)>f(y) .\n\\end{aligned}\n\\tag{1}\n$$\n\nFurthermore, for every such $\\epsilon$ we have $g(y+\\epsilon) f(y+\\epsilon)+(y+\\epsilon) f(g(y+\\epsilon)) \\leqslant 2$ and $g(y+\\epsilon) f(y)+y f(g(y+\\epsilon))>2($ since $y \\neq y+\\epsilon=g(g(y+\\epsilon)))$. This gives us the two inequalities\n\n$$\nf(g(y+\\epsilon)) \\leqslant \\frac{2-g(y+\\epsilon) f(y+\\epsilon)}{y+\\epsilon} \\quad \\text { and } \\quad f(g(y+\\epsilon))>\\frac{2-g(y+\\epsilon) f(y)}{y} \\text {. }\n$$\n\nCombining these two inequalities and rearranging the terms leads to the inequality\n\n$$\n2 \\epsilon<g(y+\\epsilon)[(y+\\epsilon) f(y)-y f(y+\\epsilon)] \\text {. }\n$$\n\nMoreover combining with the inequality (1) we obtain\n\n$$\n2 \\epsilon<g(y+\\epsilon)\\left[(y+\\epsilon) f(y)-y\\left(\\frac{2-x f(y)-y f(x)}{2 x}+f(y)\\right)\\right]=g(y+\\epsilon)\\left[\\epsilon f(y)-y \\frac{2-x f(y)-y f(x)}{2 x}\\right]\n$$\n\nWe now reach the desired contradiction, since for $\\epsilon$ sufficiently small we have that the left hand side is positive while the right hand side is negative.\n\nWith this lemma it then follows that for all $x, y \\in \\mathbb{R}_{>0}$ we have\n\n$$\nx f(y)+y f(x) \\geqslant 2\n$$\n\nsince for $y=g(x)$ we have equality and by uniqueness for $y \\neq g(x)$ the inequality is strict.\n\nIn particular for every $x \\in \\mathbb{R}_{>0}$ and for $y=x$ we have $2 x f(x) \\geqslant 2$, or equivalently $f(x) \\geqslant 1 / x$ for all $x \\in \\mathbb{R}_{>0}$. With this inequality we obtain for all $x \\in \\mathbb{R}_{>0}$\n\n$$\n2 \\geqslant x f(g(x))+g(x) f(x) \\geqslant \\frac{x}{g(x)}+\\frac{g(x)}{x} \\geqslant 2\n$$\n\nwhere the first inequality comes from the problem statement. Consequently each of these inequalities must actually be an equality, and in particular we obtain $f(x)=1 / x$ for all $x \\in \\mathbb{R}_{>0}$.",
            "Again, let us prove that $f(x)=1 / x$ is the only solution. Let again $g(x)$ be the unique positive real number such that $(x, g(x))$ is a good pair.\n\nLemma 4. The function $f$ is strictly convex.\n\nProof. Consider the function $q_{s}(x)=f(x)+s x$ for some real number $s$. If $f$ is not strictly convex, then there exist $u<v$ and $t \\in(0,1)$ such that\n\n$$\nf(t u+(1-t) v) \\geqslant t f(u)+(1-t) f(v) .\n$$\n\nHence\n\n$$\n\\begin{aligned}\nq_{s}(t u+(1-t) v) & \\geqslant t f(u)+(1-t) f(v)+s(t u+(1-t) v) \\\\\n& =t q_{s}(u)+(1-t) q_{s}(v)\n\\end{aligned}\n$$\n\n\n\nLet $w=t u+(1-t) v$ and consider the case $s=f(g(w)) / g(w)$. For that particular choice of $s$, the function $q_{s}(x)$ has a unique minimum at $x=w$. However, since $q_{s}(w) \\geqslant t q_{s}(u)+(1-t) q_{s}(v)$, it must hold $q_{s}(u) \\leqslant q_{s}(w)$ or $q_{s}(v) \\leqslant q_{s}(w)$, a contradiction.\n\nLemma 5. The function $f$ is continuous.\n\nProof. Since $f$ is strictly convex and defined on an open interval, it is also continuous.\n\nwe can now prove that $f(x) \\leqslant 1 / x$. If $f(x)<1 / x$, then we consider the function $h(y)=x f(y)+y f(x)$ which is continuous. Since $h(x)<2$, there exist at least two distinct $z \\neq x$ such that $h(z)<2$ giving that $(x, z)$ is good pair for both values of $z$, a contradiction. We conclude that $f(x)=1 / x$ as desired."
        ],
        "final_answer": [
            "$f(x)=\\frac{1}{x}$"
        ],
        "is_multiple_answer": false,
        "unit": null,
        "answer_type": "Expression",
        "error": null
    },
    {
        "id": 2029,
        "subfield": "Algebra",
        "context": null,
        "question": "Let $\\mathbb{Q}_{>0}$ denote the set of all positive rational numbers. Determine all functions $f: \\mathbb{Q}_{>0} \\rightarrow \\mathbb{Q}_{>0}$ satisfying\n\n$$\nf\\left(x^{2} f(y)^{2}\\right)=f(x)^{2} f(y)\n\\tag{*}\n$$\n\nfor all $x, y \\in \\mathbb{Q}_{>0}$.",
        "solution": [
            "Take any $a, b \\in \\mathbb{Q}_{>0}$. By substituting $x=f(a), y=b$ and $x=f(b), y=a$ into $(*)$ we get\n\n$$\nf(f(a))^{2} f(b)=f\\left(f(a)^{2} f(b)^{2}\\right)=f(f(b))^{2} f(a)\n$$\n\nwhich yields\n\n$$\n\\frac{f(f(a))^{2}}{f(a)}=\\frac{f(f(b))^{2}}{f(b)} \\quad \\text { for all } a, b \\in \\mathbb{Q}>0\n$$\n\nIn other words, this shows that there exists a constant $C \\in \\mathbb{Q}_{>0}$ such that $f(f(a))^{2}=C f(a)$, or\n\n$$\n\\left(\\frac{f(f(a))}{C}\\right)^{2}=\\frac{f(a)}{C} \\quad \\text { for all } a \\in \\mathbb{Q}_{>0}\n\\tag{1}\n$$\n\nDenote by $f^{n}(x)=\\underbrace{f(f(\\ldots(f}_{n}(x)) \\ldots))$ the $n^{\\text {th }}$ iteration of $f$. Equality (1) yields\n\n$$\n\\frac{f(a)}{C}=\\left(\\frac{f^{2}(a)}{C}\\right)^{2}=\\left(\\frac{f^{3}(a)}{C}\\right)^{4}=\\cdots=\\left(\\frac{f^{n+1}(a)}{C}\\right)^{2^{n}}\n$$\n\nfor all positive integer $n$. So, $f(a) / C$ is the $2^{n}$-th power of a rational number for all positive integer $n$. This is impossible unless $f(a) / C=1$, since otherwise the exponent of some prime in the prime decomposition of $f(a) / C$ is not divisible by sufficiently large powers of 2 . Therefore, $f(a)=C$ for all $a \\in \\mathbb{Q}_{>0}$.\n\nFinally, after substituting $f \\equiv C$ into $(*)$ we get $C=C^{3}$, whence $C=1$. So $f(x) \\equiv 1$ is the unique function satisfying $(*)$."
        ],
        "final_answer": [
            "$f(x)=1$"
        ],
        "is_multiple_answer": false,
        "unit": null,
        "answer_type": "Expression",
        "error": null
    },
    {
        "id": 2075,
        "subfield": "Number Theory",
        "context": null,
        "question": "Let $\\mathbb{Z}_{>0}$ be the set of positive integers. Find all functions $f: \\mathbb{Z}_{>0} \\rightarrow \\mathbb{Z}_{>0}$ such that\n\n$$\nm^{2}+f(n) \\mid m f(m)+n\n$$\n\nfor all positive integers $m$ and $n$.",
        "solution": [
            "Setting $m=n=2$ tells us that $4+f(2) \\mid 2 f(2)+2$. Since $2 f(2)+2<2(4+f(2))$, we must have $2 f(2)+2=4+f(2)$, so $f(2)=2$. Plugging in $m=2$ then tells us that $4+f(n) \\mid 4+n$, which implies that $f(n) \\leqslant n$ for all $n$.\n\nSetting $m=n$ gives $n^{2}+f(n) \\mid n f(n)+n$, so $n f(n)+n \\geqslant n^{2}+f(n)$ which we rewrite as $(n-1)(f(n)-n) \\geqslant 0$. Therefore $f(n) \\geqslant n$ for all $n \\geqslant 2$. This is trivially true for $n=1$ also.\n\nIt follows that $f(n)=n$ for all $n$. This function obviously satisfies the desired property.",
            "Setting $m=f(n)$ we get $f(n)(f(n)+1) \\mid f(n) f(f(n))+n$. This implies that $f(n) \\mid n$ for all $n$.\n\nNow let $m$ be any positive integer, and let $p>2 m^{2}$ be a prime number. Note that $p>m f(m)$ also. Plugging in $n=p-m f(m)$ we learn that $m^{2}+f(n)$ divides $p$. Since $m^{2}+f(n)$ cannot equal 1, it must equal $p$. Therefore $p-m^{2}=f(n) \\mid n=p-m f(m)$. But $p-m f(m)<p<2\\left(p-m^{2}\\right)$, so we must have $p-m f(m)=p-m^{2}$, i.e., $f(m)=m$.",
            "Plugging $m=1$ we obtain $1+f(n) \\leqslant f(1)+n$, so $f(n) \\leqslant n+c$ for the constant $c=$ $f(1)-1$. Assume that $f(n) \\neq n$ for some fixed $n$. When $m$ is large enough (e.g. $m \\geqslant \\max (n, c+1)$ ) we have\n\n$$\nm f(m)+n \\leqslant m(m+c)+n \\leqslant 2 m^{2}<2\\left(m^{2}+f(n)\\right)\n$$\n\nso we must have $m f(m)+n=m^{2}+f(n)$. This implies that\n\n$$\n0 \\neq f(n)-n=m(f(m)-m)\n$$\n\nwhich is impossible for $m>|f(n)-n|$. It follows that $f$ is the identity function."
        ],
        "final_answer": [
            "$f(n)=n$"
        ],
        "is_multiple_answer": false,
        "unit": null,
        "answer_type": "Expression",
        "error": null
    },
    {
        "id": 2084,
        "subfield": "Algebra",
        "context": null,
        "question": "Determine all functions $f$ from the set of positive integers into the set of positive integers such that for all $x$ and $y$ there exists a non degenerated triangle with sides of lengths\n\n$$\nx, \\quad f(y) \\text { and } f(y+f(x)-1) .\n$$",
        "solution": [
            "The identity function $f(x)=x$ is the only solution of the problem.\n\nIf $f(x)=x$ for all positive integers $x$, the given three lengths are $x, y=f(y)$ and $z=$ $f(y+f(x)-1)=x+y-1$. Because of $x \\geq 1, y \\geq 1$ we have $z \\geq \\max \\{x, y\\}>|x-y|$ and $z<x+y$. From this it follows that a triangle with these side lengths exists and does not degenerate. We prove in several steps that there is no other solution.\n\nStep 1. We show $f(1)=1$.\n\nIf we had $f(1)=1+m>1$ we would conclude $f(y)=f(y+m)$ for all $y$ considering the triangle with the side lengths $1, f(y)$ and $f(y+m)$. Thus, $f$ would be $m$-periodic and, consequently, bounded. Let $B$ be a bound, $f(x) \\leq B$. If we choose $x>2 B$ we obtain the contradiction $x>2 B \\geq f(y)+f(y+f(x)-1)$.\n\nStep 2. For all positive integers $z$, we have $f(f(z))=z$.\n\nSetting $x=z$ and $y=1$ this follows immediately from Step 1 .\n\nStep 3. For all integers $z \\geq 1$, we have $f(z) \\leq z$.\n\nLet us show, that the contrary leads to a contradiction. Assume $w+1=f(z)>z$ for some $z$. From Step 1 we know that $w \\geq z \\geq 2$. Let $M=\\max \\{f(1), f(2), \\ldots, f(w)\\}$ be the largest value of $f$ for the first $w$ integers. First we show, that no positive integer $t$ exists with\n\n$$\nf(t)>\\frac{z-1}{w} \\cdot t+M,\n\\tag{1}\n$$\n\notherwise we decompose the smallest value $t$ as $t=w r+s$ where $r$ is an integer and $1 \\leq s \\leq w$. Because of the definition of $M$, we have $t>w$. Setting $x=z$ and $y=t-w$ we get from the triangle inequality\n\n$$\nz+f(t-w)>f((t-w)+f(z)-1)=f(t-w+w)=f(t)\n$$\n\nHence,\n\n$$\nf(t-w) \\geq f(t)-(z-1)>\\frac{z-1}{w}(t-w)+M\n$$\n\na contradiction to the minimality of $t$.\n\nTherefore the inequality (1) fails for all $t \\geq 1$, we have proven\n\n$$\nf(t) \\leq \\frac{z-1}{w} \\cdot t+M\n\\tag{2}\n$$\n\ninstead.\n\n\n\nNow, using (2), we finish the proof of Step 3. Because of $z \\leq w$ we have $\\frac{z-1}{w}<1$ and we can choose an integer $t$ sufficiently large to fulfill the condition\n\n$$\n\\left(\\frac{z-1}{w}\\right)^{2} t+\\left(\\frac{z-1}{w}+1\\right) M<t .\n$$\n\nApplying (2) twice we get\n\n$$\nf(f(t)) \\leq \\frac{z-1}{w} f(t)+M \\leq \\frac{z-1}{w}\\left(\\frac{z-1}{w} t+M\\right)+M<t\n$$\n\nin contradiction to Step 2, which proves Step 3.\n\nFinal step. Thus, following Step 2 and Step 3, we obtain\n\n$$\nz=f(f(z)) \\leq f(z) \\leq z\n$$\n\nand $f(z)=z$ for all positive integers $z$ is proven."
        ],
        "final_answer": [
            "$f(z)=z$"
        ],
        "is_multiple_answer": false,
        "unit": null,
        "answer_type": "Expression",
        "error": null
    },
    {
        "id": 2147,
        "subfield": "Algebra",
        "context": null,
        "question": "Find all functions $f: \\mathbb{R} \\rightarrow \\mathbb{R}$ that satisfy the conditions\n\n$$\nf(1+x y)-f(x+y)=f(x) f(y) \\text { for all } x, y \\in \\mathbb{R}\n$$\n\nand $f(-1) \\neq 0$.",
        "solution": [
            "The only solution is the function $f(x)=x-1, x \\in \\mathbb{R}$.\n\nWe set $g(x)=f(x)+1$ and show that $g(x)=x$ for all real $x$. The conditions take the form\n\n$$\ng(1+x y)-g(x+y)=(g(x)-1)(g(y)-1) \\quad \\text { for all } x, y \\in \\mathbb{R} \\text { and } g(-1) \\neq 1\n\\tag{1}\n$$\n\nDenote $C=g(-1)-1 \\neq 0$. Setting $y=-1$ in (1) gives\n\n$$\ng(1-x)-g(x-1)=C(g(x)-1) .\n\\tag{2}\n$$\n\nSet $x=1$ in $(2)$ to obtain $C(g(1)-1)=0$. Hence $g(1)=1$ as $C \\neq 0$. Now plugging in $x=0$ and $x=2$ yields $g(0)=0$ and $g(2)=2$ respectively.\n\nWe pass on to the key observations\n\n$$\ng(x)+g(2-x)=2 \\text { for all } x \\in \\mathbb{R}\\tag{3}\n$$\n\n$$\ng(x+2)-g(x)=2 \\text { for all } x \\in \\mathbb{R}\\tag{4}\n$$\n\nReplace $x$ by $1-x$ in (2), then change $x$ to $-x$ in the resulting equation. We obtain the relations $g(x)-g(-x)=C(g(1-x)-1), g(-x)-g(x)=C(g(1+x)-1)$. Then adding them up leads to $C(g(1-x)+g(1+x)-2)=0$. Thus $C \\neq 0$ implies (3).\n\nLet $u, v$ be such that $u+v=1$. Apply (1) to the pairs $(u, v)$ and $(2-u, 2-v)$ :\n\n$$\ng(1+u v)-g(1)=(g(u)-1)(g(v)-1), \\quad g(3+u v)-g(3)=(g(2-u)-1)(g(2-v)-1) .\n$$\n\nObserve that the last two equations have equal right-hand sides by (3). Hence $u+v=1$ implies\n\n$$\ng(u v+3)-g(u v+1)=g(3)-g(1)\n$$\n\nEach $x \\leq 5 / 4$ is expressible in the form $x=u v+1$ with $u+v=1$ (the quadratic function $t^{2}-t+(x-1)$ has real roots for $\\left.x \\leq 5 / 4\\right)$. Hence $g(x+2)-g(x)=g(3)-g(1)$ whenever $x \\leq 5 / 4$. Because $g(x)=x$ holds for $x=0,1,2$, setting $x=0$ yields $g(3)=3$. This proves (4) for $x \\leq 5 / 4$. If $x>5 / 4$ then $-x<5 / 4$ and so $g(2-x)-g(-x)=2$ by the above. On the other hand (3) gives $g(x)=2-g(2-x), g(x+2)=2-g(-x)$, so that $g(x+2)-g(x)=g(2-x)-g(-x)=2$. Thus (4) is true for all $x \\in \\mathbb{R}$.\n\nNow replace $x$ by $-x$ in (3) to obtain $g(-x)+g(2+x)=2$. In view of (4) this leads to $g(x)+g(-x)=0$, i. e. $g(-x)=-g(x)$ for all $x$. Taking this into account, we apply (1) to the pairs $(-x, y)$ and $(x,-y)$ :\n\n$g(1-x y)-g(-x+y)=(g(x)+1)(1-g(y)), \\quad g(1-x y)-g(x-y)=(1-g(x))(g(y)+1)$.\n\nAdding up yields $g(1-x y)=1-g(x) g(y)$. Then $g(1+x y)=1+g(x) g(y)$ by (3). Now the original equation (1) takes the form $g(x+y)=g(x)+g(y)$. Hence $g$ is additive.\n\nBy additvity $g(1+x y)=g(1)+g(x y)=1+g(x y)$; since $g(1+x y)=1+g(x) g(y)$ was shown above, we also have $g(x y)=g(x) g(y)$ ( $g$ is multiplicative). In particular $y=x$ gives $g\\left(x^{2}\\right)=g(x)^{2} \\geq 0$ for all $x$, meaning that $g(x) \\geq 0$ for $x \\geq 0$. Since $g$ is additive and bounded from below on $[0,+\\infty)$, it is linear; more exactly $g(x)=g(1) x=x$ for all $x \\in \\mathbb{R}$.\n\nIn summary $f(x)=x-1, x \\in \\mathbb{R}$. It is straightforward that this function satisfies the requirements."
        ],
        "final_answer": [
            "$f(x)=x-1$"
        ],
        "is_multiple_answer": false,
        "unit": null,
        "answer_type": "Expression",
        "error": null
    },
    {
        "id": 2171,
        "subfield": "Algebra",
        "context": null,
        "question": "Find all functions $f: \\mathbb{Q} \\rightarrow \\mathbb{Q}$ such that the equation\n\nholds for all rational numbers $x$ and $y$.\n\n$$\nf(x f(x)+y)=f(y)+x^{2}\n$$\n\nHere, $\\mathbb{Q}$ denotes the set of rational numbers.",
        "solution": [
            "Denote the equation from the statement by (1). Let $x f(x)=A$ and $x^{2}=B$. The equation (1) is of the form\n\n$$\nf(A+y)=f(y)+B\n$$\n\nAlso, if we put $y \\rightarrow-A+y$, we have $f(A-A+y)=f(-A+y)+B$. Therefore\n\n$$\nf(-A+y)=f(y)-B\n$$\n\nWe can easily show that for any integer $n$ we even have\n\n$$\nf(n A+y)=f(y)+n B \\tag{2}\n$$\n\nIndeed, it's trivially true for $n=0$ and if this holds true for some integer $n$, then\n\n$$\nf((n+1) A+y)=f(A+y+n A)=f(n y+A)+B=f(y)+n B+B=f(y)+(n+1) B\n$$\n\nand\n\n$$\nf((n-1) A+y)=f(-A+n A+y)=f(n A+y)-B=f(y)+n B-B=f(y)+(n-1) B .\n$$\n\nSo, equation (2) follows from the induction on $n$.\n\nNow we can say that for any integer $k$ it holds\n\n$$\nf(n x f(x)+y)=f(y)+n x^{2} \\tag{3}\n$$\n\nIf $y$ is given, then $f(y)+n x^{2}$ can be any rational number, since $n x^{2}$ can be any rational number. If it is supposed to be $\\frac{p}{q}$, where $q \\neq 0$, then we may take $n=p q$, and $x=\\frac{1}{q}$. Therefore $f$ is surjective on $\\mathbb{Q}$. So there's a rational number $c$ such that $f(c)=0$. Be putting $x=c$ into (1) we immediately get $c=0$, i.e. $f(0)=0$. Therefore, $f(x)=0$ if and only if $x=0$.\n\nFor any integer $n$ and for any rational $x, y$ it holds\n\n$$\nf\\left(n^{2} x f(x)+y\\right)=f(y)+n^{2} x^{2}=f(y)+(n x)^{2}=f(n x f(n x)+y)\n$$\n\nAfter taking $y=-n x f(n x)$ in (4), the right-hand side becomes 0 , therefore\n\n$$\nn^{2} x f(x)-n x f(n x)=0\n$$\n\nThis simplifies into $n f(x)=f(n x)$ for $x \\neq 0$, but it also holds for $x=0$. Therefore, for any rational number $x=\\frac{p}{q}$ we have,\n\n$$\nf(x)=f\\left(\\frac{p}{q}\\right)=f\\left(p \\cdot \\frac{1}{q}\\right)=p \\cdot f\\left(\\frac{1}{p}\\right)=p \\cdot \\frac{f\\left(q \\cdot \\frac{1}{q}\\right)}{q}=\\frac{p}{q} \\cdot f(1)=x f(1)\n$$\n\nSo, we have $f(x)=k x$, for some rational number $k$. Let's put this answer in (1) and we get $k(x k x+y)=k y+x^{2}$, thus $k^{2}=1$. Therefore $f(x)=x$ and $f(x)=-x$ are solutions."
        ],
        "final_answer": [
            "$f(x)=x,f(x)=-x$"
        ],
        "is_multiple_answer": true,
        "unit": null,
        "answer_type": "Expression",
        "error": null
    },
    {
        "id": 2268,
        "subfield": "Algebra",
        "context": null,
        "question": "If $f(x)=\\sin ^{2} x-2 \\sin x+2$, what are the minimum and maximum values of $f(x)$ ?",
        "solution": [
            "We rewrite by completing the square as $f(x)=\\sin ^{2} x-2 \\sin x+2=(\\sin x-1)^{2}+1$.\n\nTherefore, since $(\\sin x-1)^{2} \\geq 0$, then $f(x) \\geq 1$, and in fact $f(x)=1$ when $\\sin x=1$ (which occurs for instance when $x=90^{\\circ}$ ).\n\nThus, the minimum value of $f(x)$ is 1 .\n\nTo maximize $f(x)$, we must maximize $(\\sin x-1)^{2}$.\n\nSince $-1 \\leq \\sin x \\leq 1$, then $(\\sin x-1)^{2}$ is maximized when $\\sin x=-1$ (for instance, when $\\left.x=270^{\\circ}\\right)$. In this case, $(\\sin x-1)^{2}=4$, so $f(x)=5$.\n\nThus, the maximum value of $f(x)$ is 5 ."
        ],
        "final_answer": [
            "5,1"
        ],
        "is_multiple_answer": true,
        "unit": null,
        "answer_type": "Numerical",
        "error": null
    },
    {
        "id": 2313,
        "subfield": "Algebra",
        "context": null,
        "question": "If $f(x)=x^{2}-x+2, g(x)=a x+b$, and $f(g(x))=9 x^{2}-3 x+2$, determine all possible ordered pairs $(a, b)$ which satisfy this relationship.",
        "solution": [
            "First, we compute an expression for the composition of the two given functions:\n\n$$\n\\begin{aligned}\nf(g(x)) & =f(a x+b) \\\\\n& =(a x+b)^{2}-(a x+b)+2 \\\\\n& =a^{2} x^{2}+2 a b x+b^{2}-a x-b+2 \\\\\n& =a^{2} x^{2}+(2 a b-a) x+\\left(b^{2}-b+2\\right)\n\\end{aligned}\n$$\n\nBut we already know that $f(g(x))=9 x^{2}-3 x+2$, so comparing coefficients, we see that\n\n$$\n\\begin{aligned}\na^{2} & =9 \\\\\n2 a b-a & =-3 \\\\\nb^{2}-b+2 & =2\n\\end{aligned}\n$$\n\nFrom the first equation, $a=3$ or $a=-3$.\n\nFrom the third equation, $b^{2}-b=b(b-1)=0$ so $b=0$ or $b=1$.\n\nThere are thus 4 possible pairs $(a, b)$ which could solve the problem. We will check which pairs work by looking at the second equation.\n\nFrom the second equation, $a(2 b-1)=-3$, so if $a=3$ then $b=0$, and if $a=-3$ then $b=1$. Therefore, the possible ordered pairs $(a, b)$ are $(3,0)$ and $(-3,1)$."
        ],
        "final_answer": [
            "$(3,0),(-3,1)$"
        ],
        "is_multiple_answer": true,
        "unit": null,
        "answer_type": "Tuple",
        "error": null
    },
    {
        "id": 2329,
        "subfield": "Algebra",
        "context": null,
        "question": "For each positive real number $x$, define $f(x)$ to be the number of prime numbers $p$ that satisfy $x \\leq p \\leq x+10$. What is the value of $f(f(20))$ ?",
        "solution": [
            "Let $a=f(20)$. Then $f(f(20))=f(a)$.\n\nTo calculate $f(f(20))$, we determine the value of $a$ and then the value of $f(a)$.\n\nBy definition, $a=f(20)$ is the number of prime numbers $p$ that satisfy $20 \\leq p \\leq 30$.\n\nThe prime numbers between 20 and 30, inclusive, are 23 and 29 , so $a=f(20)=2$.\n\nThus, $f(f(20))=f(a)=f(2)$.\n\nBy definition, $f(2)$ is the number of prime numbers $p$ that satisfy $2 \\leq p \\leq 12$.\n\nThe prime numbers between 2 and 12, inclusive, are $2,3,5,7,11$, of which there are 5 .\n\nTherefore, $f(f(20))=5$."
        ],
        "final_answer": [
            "5"
        ],
        "is_multiple_answer": false,
        "unit": null,
        "answer_type": "Numerical",
        "error": null
    },
    {
        "id": 2349,
        "subfield": "Algebra",
        "context": null,
        "question": "Without using a calculator, determine positive integers $m$ and $n$ for which\n\n$$\n\\sin ^{6} 1^{\\circ}+\\sin ^{6} 2^{\\circ}+\\sin ^{6} 3^{\\circ}+\\cdots+\\sin ^{6} 87^{\\circ}+\\sin ^{6} 88^{\\circ}+\\sin ^{6} 89^{\\circ}=\\frac{m}{n}\n$$\n\n(The sum on the left side of the equation consists of 89 terms of the form $\\sin ^{6} x^{\\circ}$, where $x$ takes each positive integer value from 1 to 89.)",
        "solution": [
            "Let $S=\\sin ^{6} 1^{\\circ}+\\sin ^{6} 2^{\\circ}+\\sin ^{6} 3^{\\circ}+\\cdots+\\sin ^{6} 87^{\\circ}+\\sin ^{6} 88^{\\circ}+\\sin ^{6} 89^{\\circ}$.\n\nSince $\\sin \\theta=\\cos \\left(90^{\\circ}-\\theta\\right)$, then $\\sin ^{6} \\theta=\\cos ^{6}\\left(90^{\\circ}-\\theta\\right)$, and so\n\n$$\n\\begin{aligned}\nS= & \\sin ^{6} 1^{\\circ}+\\sin ^{6} 2^{\\circ}+\\cdots+\\sin ^{6} 44^{\\circ}+\\sin ^{6} 45^{\\circ} \\\\\n& \\quad+\\cos ^{6}\\left(90^{\\circ}-46^{\\circ}\\right)+\\cos ^{6}\\left(90^{\\circ}-47^{\\circ}\\right)+\\cdots+\\cos ^{6}\\left(90^{\\circ}-89^{\\circ}\\right) \\\\\n= & \\sin ^{6} 1^{\\circ}+\\sin ^{6} 2^{\\circ}+\\cdots+\\sin ^{6} 44^{\\circ}+\\sin ^{6} 45^{\\circ}+\\cos ^{6} 44^{\\circ}+\\cos ^{6} 43^{\\circ}+\\cdots+\\cos ^{6} 1^{\\circ} \\\\\n= & \\left(\\sin ^{6} 1^{\\circ}+\\cos ^{6} 1^{\\circ}\\right)+\\left(\\sin ^{6} 2^{\\circ}+\\cos ^{6} 2^{\\circ}\\right)+\\cdots+\\left(\\sin ^{6} 44^{\\circ}+\\cos ^{6} 44^{\\circ}\\right)+\\sin ^{6} 45^{\\circ}\n\\end{aligned}\n$$\n\nSince $\\sin 45^{\\circ}=\\frac{1}{\\sqrt{2}}$, then $\\sin ^{6} 45^{\\circ}=\\frac{1}{2^{3}}=\\frac{1}{8}$.\n\nAlso, since\n\n$$\nx^{3}+y^{3}=(x+y)\\left(x^{2}-x y+y^{2}\\right)=(x+y)\\left((x+y)^{2}-3 x y\\right)\n$$\n\nthen substituting $x=\\sin ^{2} \\theta$ and $y=\\cos ^{2} \\theta$, we obtain\n\n$$\n\\begin{aligned}\nx^{3}+y^{3} & =(x+y)\\left((x+y)^{2}-3 x y\\right) \\\\\n\\sin ^{6} \\theta+\\cos ^{6} \\theta & =\\left(\\sin ^{2} \\theta+\\cos ^{2} \\theta\\right)\\left(\\left(\\sin ^{2} \\theta+\\cos ^{2} \\theta\\right)^{2}-3 \\sin ^{2} \\theta \\cos ^{2} \\theta\\right) \\\\\n\\sin ^{6} \\theta+\\cos ^{6} \\theta & =1\\left(1-3 \\sin ^{2} \\theta \\cos ^{2} \\theta\\right)\n\\end{aligned}\n$$\n\nsince $\\sin ^{2} \\theta+\\cos ^{2} \\theta=1$.\n\nTherefore,\n\n$$\n\\begin{aligned}\nS & =\\left(\\sin ^{6} 1^{\\circ}+\\cos ^{6} 1^{\\circ}\\right)+\\left(\\sin ^{6} 2^{\\circ}+\\cos ^{6} 2^{\\circ}\\right)+\\cdots+\\left(\\sin ^{6} 44^{\\circ}+\\cos ^{6} 44^{\\circ}\\right)+\\sin ^{6} 45^{\\circ} \\\\\n& =\\left(1-3 \\sin ^{2} 1^{\\circ} \\cos ^{2} 1^{\\circ}\\right)+\\left(1-3 \\sin ^{2} 2^{\\circ} \\cos ^{2} 2^{\\circ}\\right)+\\cdots+\\left(1-3 \\sin ^{2} 44^{\\circ} \\cos ^{2} 44^{\\circ}\\right)+\\frac{1}{8} \\\\\n& =44-\\left(3 \\sin ^{2} 1^{\\circ} \\cos ^{2} 1^{\\circ}+3 \\sin ^{2} 2^{\\circ} \\cos ^{2} 2^{\\circ}+\\cdots+3 \\sin ^{2} 44^{\\circ} \\cos ^{2} 44^{\\circ}\\right)+\\frac{1}{8} \\\\\n& =\\frac{353}{8}-\\frac{3}{4}\\left(4 \\sin ^{2} 1^{\\circ} \\cos ^{2} 1^{\\circ}+4 \\sin ^{2} 2^{\\circ} \\cos ^{2} 2^{\\circ}+\\cdots+4 \\sin ^{2} 44^{\\circ} \\cos ^{2} 44^{\\circ}\\right)\n\\end{aligned}\n$$\n\nSince $\\sin 2 \\theta=2 \\sin \\theta \\cos \\theta$, then $4 \\sin ^{2} \\theta \\cos ^{2} \\theta=\\sin ^{2} 2 \\theta$, which gives\n\n$$\n\\begin{aligned}\nS & =\\frac{353}{8}-\\frac{3}{4}\\left(4 \\sin ^{2} 1^{\\circ} \\cos ^{2} 1^{\\circ}+4 \\sin ^{2} 2^{\\circ} \\cos ^{2} 2^{\\circ}+\\cdots+4 \\sin ^{2} 44^{\\circ} \\cos ^{2} 44^{\\circ}\\right) \\\\\n& =\\frac{353}{8}-\\frac{3}{4}\\left(\\sin ^{2} 2^{\\circ}+\\sin ^{2} 4^{\\circ}+\\cdots+\\sin ^{2} 88^{\\circ}\\right) \\\\\n& =\\frac{353}{8}-\\frac{3}{4}\\left(\\sin ^{2} 2^{\\circ}+\\sin ^{2} 4^{\\circ}+\\cdots+\\sin ^{2} 44^{\\circ}+\\sin ^{2} 46^{\\circ}+\\cdots+\\sin ^{2} 86^{\\circ}+\\sin ^{2} 88^{\\circ}\\right) \\\\\n& =\\frac{353}{8}-\\frac{3}{4}\\left(\\sin ^{2} 2^{\\circ}+\\sin ^{2} 4^{\\circ}+\\cdots+\\sin ^{2} 44^{\\circ}+\\right. \\\\\n& \\left.\\cos ^{2}\\left(90^{\\circ}-46^{\\circ}\\right)+\\cdots+\\cos ^{2}\\left(90^{\\circ}-86^{\\circ}\\right)+\\cos ^{2}\\left(90^{\\circ}-88^{\\circ}\\right)\\right) \\\\\n& =\\frac{353}{8}-\\frac{3}{4}\\left(\\sin ^{2} 2^{\\circ}+\\sin ^{2} 4^{\\circ}+\\cdots+\\sin ^{2} 44^{\\circ}+\\cos ^{2} 44^{\\circ}+\\cdots+\\cos ^{2} 4^{\\circ}+\\cos ^{2} 2^{\\circ}\\right) \\\\\n& =\\frac{353}{8}-\\frac{3}{4}\\left(\\left(\\sin ^{2} 2^{\\circ}+\\cos ^{2} 2^{\\circ}\\right)+\\left(\\sin ^{2} 4^{\\circ}+\\cos ^{2} 4^{\\circ}\\right)+\\cdots+\\left(\\sin ^{2} 44^{\\circ}+\\cos ^{2} 44^{\\circ}\\right)\\right) \\\\\n& =\\frac{353}{8}-\\frac{3}{4}(22) \\quad\\left(\\operatorname{since} \\sin ^{2} \\theta+\\cos ^{2} \\theta=1\\right) \\\\\n& =\\frac{353}{8}-\\frac{132}{8} \\\\\n& =\\frac{221}{8}\n\\end{aligned}\n$$\n\nTherefore, since $S=\\frac{m}{n}$, then $m=221$ and $n=8$ satisfy the required equation."
        ],
        "final_answer": [
            "$221,$8$"
        ],
        "is_multiple_answer": true,
        "unit": null,
        "answer_type": "Numerical",
        "error": null
    },
    {
        "id": 2371,
        "subfield": "Algebra",
        "context": null,
        "question": "If $f(x)=2 x+1$ and $g(f(x))=4 x^{2}+1$, determine an expression for $g(x)$.",
        "solution": [
            "We use the fact that $g(x)=g\\left(f\\left(f^{-1}(x)\\right)\\right)$.\n\nSince $f(x)=2 x+1$, then to determine $f^{-1}(x)$ we solve $x=2 y+1$ for $y$ to get $2 y=x-1$ or $y=\\frac{1}{2}(x-1)$. Thus, $f^{-1}(x)=\\frac{1}{2}(x-1)$.\n\nSince $g(f(x))=4 x^{2}+1$, then\n\n$$\n\\begin{aligned}\ng(x) & =g\\left(f\\left(f^{-1}(x)\\right)\\right) \\\\\n& =g\\left(f\\left(\\frac{1}{2}(x-1)\\right)\\right) \\\\\n& =4\\left(\\frac{1}{2}(x-1)\\right)^{2}+1 \\\\\n& =4 \\cdot \\frac{1}{4}(x-1)^{2}+1 \\\\\n& =(x-1)^{2}+1 \\\\\n& =x^{2}-2 x+2\n\\end{aligned}\n$$",
            "We use the expressions for $f(x)$ and $g(f(x))$ to construct $g(x)$.\n\nSince $f(x)$ is linear and $g(f(x))$ is quadratic, then it is likely that $g(x)$ is also quadratic.\n\nSince $f(x)=2 x+1$, then $(f(x))^{2}=4 x^{2}+4 x+1$.\n\nSince $g(f(x))$ has no term involving $x$, then we subtract $2 f(x)$ (to remove the $4 x$ term) to get\n\n$$\n(f(x))^{2}-2 f(x)=\\left(4 x^{2}+4 x+1\\right)-2(2 x+1)=4 x^{2}-1\n$$\n\nTo get $g(f(x))$ from this, we add 2 to get $4 x^{2}+1$.\n\nTherefore, $g(f(x))=(f(x))^{2}-2 f(x)+2$, and so an expression for $g(x)$ is $x^{2}-2 x+2$.",
            "We use the expressions for $f(x)$ and $g(f(x))$ to construct $g(x)$.\n\nSince $f(x)$ is linear and $g(f(x))$ is quadratic, then it is likely that $g(x)$ is also quadratic.\n\nSuppose that $g(x)=a x^{2}+b x+c$ for some real numbers $a, b, c$.\n\nThen\n\n$$\n\\begin{aligned}\ng(f(x)) & =g(2 x+1) \\\\\n& =a(2 x+1)^{2}+b(2 x+1)+c \\\\\n& =a\\left(4 x^{2}+4 x+1\\right)+b(2 x+1)+c \\\\\n& =4 a x^{2}+(4 a+2 b) x+(a+b+c)\n\\end{aligned}\n$$\n\nSince we are told that $g(f(x))=4 x^{2}+1$, then we can compare coefficients to deduce that $4 a=4$ and $4 a+2 b=0$ and $a+b+c=1$.\n\nFrom the first equation, $a=1$.\n\nFrom the second equation, $b=-2 a=-2$.\n\nFrom the third equation, $c=1-a-b=2$.\n\nTherefore, an expression for $g(x)$ is $x^{2}-2 x+2$."
        ],
        "final_answer": [
            "$g(x)=x^2-2x+2$"
        ],
        "is_multiple_answer": false,
        "unit": null,
        "answer_type": "Expression",
        "error": null
    },
    {
        "id": 2403,
        "subfield": "Algebra",
        "context": null,
        "question": "Suppose that $f(x)=x^{2}+(2 n-1) x+\\left(n^{2}-22\\right)$ for some integer $n$. What is the smallest positive integer $n$ for which $f(x)$ has no real roots?",
        "solution": [
            "The quadratic function $f(x)=x^{2}+(2 n-1) x+\\left(n^{2}-22\\right)$ has no real roots exactly when its discriminant, $\\Delta$, is negative.\n\nThe discriminant of this function is\n\n$$\n\\begin{aligned}\n\\Delta & =(2 n-1)^{2}-4(1)\\left(n^{2}-22\\right) \\\\\n& =\\left(4 n^{2}-4 n+1\\right)-\\left(4 n^{2}-88\\right) \\\\\n& =-4 n+89\n\\end{aligned}\n$$\n\nWe have $\\Delta<0$ exactly when $-4 n+89<0$ or $4 n>89$.\n\nThis final inequality is equivalent to $n>\\frac{89}{4}=22 \\frac{1}{4}$.\n\nTherefore, the smallest positive integer that satisfies this inequality, and hence for which $f(x)$ has no real roots, is $n=23$."
        ],
        "final_answer": [
            "23"
        ],
        "is_multiple_answer": false,
        "unit": null,
        "answer_type": "Numerical",
        "error": null
    },
    {
        "id": 2410,
        "subfield": "Algebra",
        "context": null,
        "question": "Determine all real values of $x$ for which\n\n$$\n\\sqrt{\\log _{2} x \\cdot \\log _{2}(4 x)+1}+\\sqrt{\\log _{2} x \\cdot \\log _{2}\\left(\\frac{x}{64}\\right)+9}=4\n$$",
        "solution": [
            "Let $f(x)=\\sqrt{\\log _{2} x \\cdot \\log _{2}(4 x)+1}+\\sqrt{\\log _{2} x \\cdot \\log _{2}\\left(\\frac{x}{64}\\right)+9}$.\n\nUsing logarithm laws,\n\n$$\n\\begin{aligned}\n\\log _{2} x \\cdot \\log _{2}(4 x)+1 & =\\log _{2} x\\left(\\log _{2} 4+\\log _{2} x\\right)+1 \\\\\n& =\\log _{2} x\\left(2+\\log _{2} x\\right)+1 \\quad\\left(\\text { since } 2^{2}=4\\right) \\\\\n& =\\left(\\log _{2} x\\right)^{2}+2 \\cdot \\log _{2} x+1 \\\\\n& =\\left(\\log _{2} x+1\\right)^{2}\n\\end{aligned}\n$$\n\nand\n\n$$\n\\begin{aligned}\n\\log _{2} x \\cdot \\log _{2}\\left(\\frac{x}{64}\\right)+9 & =\\log _{2} x\\left(\\log _{2} x-\\log _{2} 64\\right)+9 \\\\\n& =\\log _{2} x\\left(\\log _{2} x-6\\right)+9 \\quad\\left(\\text { since } 2^{6}=64\\right) \\\\\n& =\\left(\\log _{2} x\\right)^{2}-6 \\log _{2} x+9 \\\\\n& =\\left(\\log _{2} x-3\\right)^{2}\n\\end{aligned}\n$$\n\nTherefore,\n\n$f(x)=\\sqrt{\\log _{2} x \\cdot \\log _{2}(4 x)+1}+\\sqrt{\\log _{2} x \\cdot \\log _{2}\\left(\\frac{x}{64}\\right)+9}=\\sqrt{\\left(\\log _{2} x+1\\right)^{2}}+\\sqrt{\\left(\\log _{2} x-3\\right)^{2}}$\n\nBefore proceeding, we recall that if $a \\leq 0$, then $\\sqrt{a^{2}}=-a$ and if $a>0$, then $\\sqrt{a^{2}}=a$.\n\nWhen $\\log _{2} x \\leq-1$, we know that $\\log _{2} x+1 \\leq 0$ and $\\log _{2} x-3<0$, and so\n\n$$\nf(x)=-\\left(\\log _{2} x+1\\right)-\\left(\\log _{2} x-3\\right)=2-2 \\log _{2} x\n$$\n\nWhen $-1<\\log _{2} x \\leq 3$, we know that $\\log _{2} x+1>0$ and $\\log _{2} x-3 \\leq 0$, and so\n\n$$\nf(x)=\\left(\\log _{2} x+1\\right)-\\left(\\log _{2} x-3\\right)=4\n$$\n\nWhen $\\log _{2} x>3$, we know that $\\log _{2} x+1 \\geq 0$ and $\\log _{2} x-3>0$, and so\n\n$$\nf(x)=\\left(\\log _{2} x+1\\right)+\\left(\\log _{2} x-3\\right)=2 \\log _{2} x-2\n$$\n\nWe want to find all values of $x$ for which $f(x)=4$.\n\nWhen $\\log _{2} x \\leq-1, f(x)=2-2 \\log _{2} x=4$ exactly when $\\log _{2} x=-1$.\n\nWhen $-1<\\log _{2} x \\leq 3, f(x)$ is always equal to 4 .\n\nWhen $\\log _{2} x>3, f(x)=2 \\log _{2} x-2=4$ exactly when $\\log _{2} x=3$.\n\nTherefore, $f(x)=4$ exactly when $-1 \\leq \\log _{2} x \\leq 3$, which is true exactly when $\\frac{1}{2} \\leq x \\leq 8$. (It seems surprising that the solution to this equation is actually an interval of values, rather than a finite number of specific values.)"
        ],
        "final_answer": [
            "$[\\frac{1}{2}, 8]$"
        ],
        "is_multiple_answer": false,
        "unit": null,
        "answer_type": "Interval",
        "error": null
    },
    {
        "id": 2438,
        "subfield": "Algebra",
        "context": null,
        "question": "The function $f(x)$ has the property that $f(2 x+3)=2 f(x)+3$ for all $x$. If $f(0)=6$, what is the value of $f(9)$ ?",
        "solution": [
            "Since we are looking for the value of $f(9)$, then it makes sense to use the given equation and to set $x=3$ in order to obtain $f(9)=2 f(3)+3$.\n\nSo we need to determine the value of $f(3)$. We use the equation again and set $x=0$ since we will then get $f(3)$ on the left side and $f(0)$ (whose value we already know) on the right side, ie.\n\n$$\nf(3)=2 f(0)+3=2(6)+3=15\n$$\n\nThus, $f(9)=2(15)+3=33$."
        ],
        "final_answer": [
            "33"
        ],
        "is_multiple_answer": false,
        "unit": null,
        "answer_type": "Numerical",
        "error": null
    },
    {
        "id": 2439,
        "subfield": "Algebra",
        "context": null,
        "question": "Suppose that the functions $f(x)$ and $g(x)$ satisfy the system of equations\n\n$$\n\\begin{aligned}\nf(x)+3 g(x) & =x^{2}+x+6 \\\\\n2 f(x)+4 g(x) & =2 x^{2}+4\n\\end{aligned}\n$$\n\nfor all $x$. Determine the values of $x$ for which $f(x)=g(x)$.",
        "solution": [
            "We solve the system of equations for $f(x)$ and $g(x)$.\n\nDividing out the common factor of 2 from the second equation, we get\n\n$f(x)+2 g(x)=x^{2}+2$.\n\nSubtracting from the first equation, we get $g(x)=x+4$.\n\nThus, $f(x)=x^{2}+2-2 g(x)=x^{2}+2-2(x+4)=x^{2}-2 x-6$.\n\nEquating $f(x)$ and $g(x)$, we obtain\n\n$$\n\\begin{aligned}\nx^{2}-2 x-6 & =x+4 \\\\\nx^{2}-3 x-10 & =0 \\\\\n(x-5)(x+2) & =0\n\\end{aligned}\n$$\n\nTherefore, $x=5$ or $x=-2$.",
            "Instead of considering the equation $f(x)=g(x)$, we consider the equation $f(x)-g(x)=0$, and we try to obtain an expression for $f(x)-g(x)$ by manipulating the two given equations.\n\nIn fact, after some experimentation, we can see that\n\n$$\n\\begin{aligned}\nf(x)-g(x) & =2(2 f(x)+4 g(x))-3(f(x)+3 g(x)) \\\\\n& =2\\left(2 x^{2}+4\\right)-3\\left(x^{2}+x+6\\right) \\\\\n& =x^{2}-3 x-10\n\\end{aligned}\n$$\n\nSo to solve $f(x)-g(x)=0$, we solve $x^{2}-3 x-10=0$ or $(x-5)(x+2)=0$. Therefore, $x=5$ or $x=-2$."
        ],
        "final_answer": [
            "$5,-2$"
        ],
        "is_multiple_answer": true,
        "unit": null,
        "answer_type": "Numerical",
        "error": null
    },
    {
        "id": 2459,
        "subfield": "Algebra",
        "context": null,
        "question": "Determine all linear functions $f(x)=a x+b$ such that if $g(x)=f^{-1}(x)$ for all values of $x$, then $f(x)-g(x)=44$ for all values of $x$. (Note: $f^{-1}$ is the inverse function of $f$.)",
        "solution": [
            "Since $f(x)=a x+b$, we can determine an expression for $g(x)=f^{-1}(x)$ by letting $y=f(x)$ to obtain $y=a x+b$. We then interchange $x$ and $y$ to obtain $x=a y+b$ which we solve for $y$ to obtain $a y=x-b$ or $y=\\frac{x}{a}-\\frac{b}{a}$.\n\nTherefore, $f^{-1}(x)=\\frac{x}{a}-\\frac{b}{a}$.\n\nNote that $a \\neq 0$. (This makes sense since the function $f(x)=b$ has a graph which is a horizontal line, and so cannot be invertible.)\n\nTherefore, the equation $f(x)-g(x)=44$ becomes $(a x+b)-\\left(\\frac{x}{a}-\\frac{b}{a}\\right)=44$ or $\\left(a-\\frac{1}{a}\\right) x+\\left(b+\\frac{b}{a}\\right)=44=0 x+44$, and this equation is true for all $x$.\n\nWe can proceed in two ways.\n\nMethod \\#1: Comparing coefficients\n\nSince the equation\n\n$$\n\\left(a-\\frac{1}{a}\\right) x+\\left(b+\\frac{b}{a}\\right)=0 x+44\n$$\n\nis true for all $x$, then the coefficients of the linear expression on the left side must match the coefficients of the linear expression on the right side.\n\nTherefore, $a-\\frac{1}{a}=0$ and $b+\\frac{b}{a}=44$.\n\nFrom the first of these equations, we obtain $a=\\frac{1}{a}$ or $a^{2}=1$, which gives $a=1$ or $a=-1$. If $a=1$, the equation $b+\\frac{b}{a}=44$ becomes $b+b=44$, which gives $b=22$.\n\n\n\nIf $a=-1$, the equation $b+\\frac{b}{a}=44$ becomes $b-b=44$, which is not possible.\n\nTherefore, we must have $a=1$ and $b=22$, and so $f(x)=x+22$.\n\nMethod \\#2: Trying specific values for $x$\n\nSince the equation\n\n$$\n\\left(a-\\frac{1}{a}\\right) x+\\left(b+\\frac{b}{a}\\right)=0 x+44\n$$\n\nis true for all values of $x$, then it must be true for any specific values of $x$ that we choose.\n\nChoosing $x=0$, we obtain $0+\\left(b+\\frac{b}{a}\\right)=44$ or $b+\\frac{b}{a}=44$.\n\nChoosing $x=b$, we obtain $\\left(a-\\frac{1}{a}\\right) b+\\left(b+\\frac{b}{a}\\right)=44$ or $a b+b=44$.\n\nWe can rearrange the first of these equations to get $\\frac{a b+b}{a}=44$.\n\nUsing the second equation, we obtain $\\frac{44}{a}=44$ or $a=1$.\n\nSince $a=1$, then $a b+b=44$ gives $2 b=44$ or $b=22$.\n\nThus, $f(x)=x+22$.\n\nIn summary, the only linear function $f$ for which the given equation is true for all $x$ is $f(x)=x+22$."
        ],
        "final_answer": [
            "$f(x)=x+22$"
        ],
        "is_multiple_answer": false,
        "unit": null,
        "answer_type": "Expression",
        "error": null
    },
    {
        "id": 2500,
        "subfield": "Algebra",
        "context": null,
        "question": "Define $f(x)=\\sin ^{6} x+\\cos ^{6} x+k\\left(\\sin ^{4} x+\\cos ^{4} x\\right)$ for some real number $k$.\nDetermine all real numbers $k$ for which $f(x)$ is constant for all values of $x$.",
        "solution": [
            "Since $\\sin ^{2} x+\\cos ^{2} x=1$, then $\\cos ^{2} x=1-\\sin ^{2} x$, so\n\n$$\n\\begin{aligned}\nf(x) & =\\sin ^{6} x+\\left(1-\\sin ^{2} x\\right)^{3}+k\\left(\\sin ^{4} x+\\left(1-\\sin ^{2} x\\right)^{2}\\right) \\\\\n& =\\sin ^{6} x+1-3 \\sin ^{2} x+3 \\sin ^{4} x-\\sin ^{6} x+k\\left(\\sin ^{4} x+1-2 \\sin ^{2} x+\\sin ^{4} x\\right) \\\\\n& =(1+k)-(3+2 k) \\sin ^{2} x+(3+2 k) \\sin ^{4} x\n\\end{aligned}\n$$\n\nTherefore, if $3+2 k=0$ or $k=-\\frac{3}{2}$, then $f(x)=1+k=-\\frac{1}{2}$ for all $x$ and so is constant. (If $k \\neq-\\frac{3}{2}$, then we get\n\n$$\n\\begin{aligned}\nf(0) & =1+k \\\\\nf\\left(\\frac{1}{4} \\pi\\right) & =(1+k)-(3+2 k)\\left(\\frac{1}{2}\\right)+(3+2 k)\\left(\\frac{1}{4}\\right)=\\frac{1}{4}+\\frac{1}{2} k \\\\\nf\\left(\\frac{1}{6} \\pi\\right) & =(1+k)-(3+2 k)\\left(\\frac{1}{4}\\right)+(3+2 k)\\left(\\frac{1}{16}\\right)=\\frac{7}{16}+\\frac{5}{8} k\n\\end{aligned}\n$$\n\nwhich cannot be all equal for any single value of $k$, so $f(x)$ is not constant if $k \\neq-\\frac{3}{2}$.)",
            "Since $\\sin ^{2} x+\\cos ^{2} x=1$, then\n\n$$\n\\begin{aligned}\nf(x) & =\\left(\\sin ^{2} x+\\cos ^{2} x\\right)\\left(\\sin ^{4} x-\\sin ^{2} x \\cos ^{2} x+\\cos ^{4} x\\right)+k\\left(\\sin ^{4} x+\\cos ^{4} x\\right) \\\\\n& =\\left(\\sin ^{4}+2 \\sin ^{2} x \\cos ^{2} x+\\cos ^{4} x-3 \\sin ^{2} x \\cos ^{2} x\\right) \\\\\n& \\quad k\\left(\\sin ^{4} x+2 \\sin ^{2} x \\cos ^{2} x+\\cos ^{4} x-2 \\sin ^{2} x \\cos ^{2} x\\right) \\\\\n& =\\left(\\left(\\sin ^{2} x+\\cos ^{2} x\\right)^{2}-3 \\sin ^{2} x \\cos ^{2} x\\right)+k\\left(\\left(\\sin ^{2} x+\\cos ^{2} x\\right)^{2}-2 \\sin ^{2} x \\cos ^{2} x\\right) \\\\\n& =1-3 \\sin ^{2} x \\cos ^{2} x+k\\left(1-2 \\sin ^{2} x \\cos ^{2} x\\right) \\\\\n& =(1+k)-(3+2 k) \\sin ^{2} x \\cos ^{2} x\n\\end{aligned}\n$$\n\nTherefore, if $3+2 k=0$ or $k=-\\frac{3}{2}$, then $f(x)=1+k=-\\frac{1}{2}$ for all $x$ and so is constant.",
            "For $f(x)$ to be constant, we need $f^{\\prime}(x)=0$ for all values of $x$.\n\nCalculating using the Chain Rule,\n\n$$\n\\begin{aligned}\nf^{\\prime}(x) & =6 \\sin ^{5} x \\cos x-6 \\cos ^{5} x \\sin x+k\\left(4 \\sin ^{3} x \\cos x-4 \\cos ^{3} x \\sin x\\right) \\\\\n& =2 \\sin x \\cos x\\left(3\\left(\\sin ^{4} x-\\cos ^{4} x\\right)+2 k\\left(\\sin ^{2} x-\\cos ^{2} x\\right)\\right) \\\\\n& =2 \\sin x \\cos x\\left(\\sin ^{2} x-\\cos ^{2} x\\right)\\left(3\\left(\\sin ^{2} x+\\cos ^{2} x\\right)+2 k\\right) \\\\\n& =2 \\sin x \\cos x\\left(\\sin ^{2} x-\\cos ^{2} x\\right)(3+2 k)\n\\end{aligned}\n$$\n\nIf $3+2 k=0$ or $k=-\\frac{3}{2}$, then $f^{\\prime}(x)=0$ for all $x$, so $f(x)$ is constant.\n\n(If $3+2 k \\neq 0$, then choosing $x=\\frac{1}{6} \\pi$ for example gives $f^{\\prime}(x) \\neq 0$ so $f(x)$ is not constant.)"
        ],
        "final_answer": [
            "$-\\frac{3}{2}$"
        ],
        "is_multiple_answer": false,
        "unit": null,
        "answer_type": "Numerical",
        "error": null
    },
    {
        "id": 2501,
        "subfield": "Algebra",
        "context": null,
        "question": "Define $f(x)=\\sin ^{6} x+\\cos ^{6} x+k\\left(\\sin ^{4} x+\\cos ^{4} x\\right)$ for some real number $k$.\nIf $k=-0.7$, determine all solutions to the equation $f(x)=0$.",
        "solution": [
            "Since $\\sin ^{2} x+\\cos ^{2} x=1$, then $\\cos ^{2} x=1-\\sin ^{2} x$, so\n\n$$\n\\begin{aligned}\nf(x) & =\\sin ^{6} x+\\left(1-\\sin ^{2} x\\right)^{3}+k\\left(\\sin ^{4} x+\\left(1-\\sin ^{2} x\\right)^{2}\\right) \\\\\n& =\\sin ^{6} x+1-3 \\sin ^{2} x+3 \\sin ^{4} x-\\sin ^{6} x+k\\left(\\sin ^{4} x+1-2 \\sin ^{2} x+\\sin ^{4} x\\right) \\\\\n& =(1+k)-(3+2 k) \\sin ^{2} x+(3+2 k) \\sin ^{4} x\n\\end{aligned}\n$$\n\nNow, we have\n\n$$\nf(x)=(1+k)-(3+2 k) \\sin ^{2} x+(3+2 k) \\sin ^{4} x\n$$\n\nand so we want to solve\n\n$$\n\\begin{array}{r}\n0.3-(1.6) \\sin ^{2} x+(1.6) \\sin ^{4} x=0 \\\\\n16 \\sin ^{4} x-16 \\sin ^{2} x+3=0 \\\\\n\\left(4 \\sin ^{2} x-3\\right)\\left(4 \\sin ^{2} x-1\\right)=0\n\\end{array}\n$$\n\nTherefore, $\\sin ^{2} x=\\frac{1}{4}, \\frac{3}{4}$, and so $\\sin x= \\pm \\frac{1}{2}, \\pm \\frac{\\sqrt{3}}{2}$.\n\nTherefore,\n\n$$\nx=\\frac{1}{6} \\pi+2 \\pi k, \\frac{5}{6} \\pi+2 \\pi k, \\frac{7}{6} \\pi+2 \\pi k, \\frac{11}{6} \\pi+2 \\pi k, \\frac{1}{3} \\pi+2 \\pi k, \\frac{2}{3} \\pi+2 \\pi k, \\frac{4}{3} \\pi+2 \\pi k, \\frac{5}{3} \\pi+2 \\pi k\n$$\n\nfor $k \\in \\mathbb{Z}$.",
            "Since $\\sin ^{2} x+\\cos ^{2} x=1$, then\n\n$$\n\\begin{aligned}\nf(x) & =\\left(\\sin ^{2} x+\\cos ^{2} x\\right)\\left(\\sin ^{4} x-\\sin ^{2} x \\cos ^{2} x+\\cos ^{4} x\\right)+k\\left(\\sin ^{4} x+\\cos ^{4} x\\right) \\\\\n& =\\left(\\sin ^{4}+2 \\sin ^{2} x \\cos ^{2} x+\\cos ^{4} x-3 \\sin ^{2} x \\cos ^{2} x\\right) \\\\\n& \\quad k\\left(\\sin ^{4} x+2 \\sin ^{2} x \\cos ^{2} x+\\cos ^{4} x-2 \\sin ^{2} x \\cos ^{2} x\\right) \\\\\n& =\\left(\\left(\\sin ^{2} x+\\cos ^{2} x\\right)^{2}-3 \\sin ^{2} x \\cos ^{2} x\\right)+k\\left(\\left(\\sin ^{2} x+\\cos ^{2} x\\right)^{2}-2 \\sin ^{2} x \\cos ^{2} x\\right) \\\\\n& =1-3 \\sin ^{2} x \\cos ^{2} x+k\\left(1-2 \\sin ^{2} x \\cos ^{2} x\\right) \\\\\n& =(1+k)-(3+2 k) \\sin ^{2} x \\cos ^{2} x\n\\end{aligned}\n$$\n\nNow, we have\n\n$$\nf(x)=(1+k)-(3+2 k) \\sin ^{2} x \\cos ^{2} x\n$$\n\nUsing the fact that $\\sin 2 x=2 \\sin x \\cos x$, we can further simplify $f(x)$ to\n\n$$\nf(x)=(1+k)-\\frac{1}{4}(3+2 k) \\sin ^{2} 2 x\n$$\n\n\n\nand so we want to solve\n\n$$\n\\begin{aligned}\n0.3-\\frac{1}{4}(1.6) \\sin ^{2} 2 x & =0 \\\\\n4 \\sin ^{2} 2 x & =3 \\\\\n\\sin ^{2} 2 x & =\\frac{3}{4}\n\\end{aligned}\n$$\n\nand so $\\sin 2 x= \\pm \\frac{\\sqrt{3}}{2}$.\n\nTherefore,\n\n$$\n2 x=\\frac{1}{3} \\pi+2 \\pi k, \\frac{2}{3} \\pi+2 \\pi k, \\frac{4}{3} \\pi+2 \\pi k, \\frac{5}{3} \\pi+2 \\pi k\n$$\n\nfor $k \\in \\mathbb{Z}$, and so\n\n$$\nx=\\frac{1}{6} \\pi+\\pi k, \\frac{1}{3} \\pi+\\pi k, \\frac{2}{3} \\pi+\\pi k, \\frac{5}{6} \\pi+\\pi k\n$$\n\nfor $k \\in \\mathbb{Z}$."
        ],
        "final_answer": [
            "$x=\\frac{1}{6} \\pi+\\pi k, \\frac{1}{3} \\pi+\\pi k, \\frac{2}{3} \\pi+\\pi k, \\frac{5}{6} \\pi+\\pi k$"
        ],
        "is_multiple_answer": true,
        "unit": null,
        "answer_type": "Expression",
        "error": null
    },
    {
        "id": 2502,
        "subfield": "Algebra",
        "context": null,
        "question": "Define $f(x)=\\sin ^{6} x+\\cos ^{6} x+k\\left(\\sin ^{4} x+\\cos ^{4} x\\right)$ for some real number $k$.\nDetermine all real numbers $k$ for which there exists a real number $c$ such that $f(c)=0$.",
        "solution": [
            "Since $\\sin ^{2} x+\\cos ^{2} x=1$, then $\\cos ^{2} x=1-\\sin ^{2} x$, so\n\n$$\n\\begin{aligned}\nf(x) & =\\sin ^{6} x+\\left(1-\\sin ^{2} x\\right)^{3}+k\\left(\\sin ^{4} x+\\left(1-\\sin ^{2} x\\right)^{2}\\right) \\\\\n& =\\sin ^{6} x+1-3 \\sin ^{2} x+3 \\sin ^{4} x-\\sin ^{6} x+k\\left(\\sin ^{4} x+1-2 \\sin ^{2} x+\\sin ^{4} x\\right) \\\\\n& =(1+k)-(3+2 k) \\sin ^{2} x+(3+2 k) \\sin ^{4} x\n\\end{aligned}\n$$\n\nNow, we have\n\n$$\nf(x)=(1+k)-(3+2 k) \\sin ^{2} x+(3+2 k) \\sin ^{4} x\n$$\n\nWe want to determine the values of $k$ for which there is an $a$ such that $f(a)=0$.\n\nFrom (a), if $k=-\\frac{3}{2}, f(x)$ is constant and equal to $-\\frac{1}{2}$, so has no roots.\n\nLet $u=\\sin ^{2} x$.\n\nThen $u$ takes all values between 0 and 1 as $\\sin x$ takes all values between -1 and 1 . Then we want to determine for which $k$ the equation\n\n$$\n(3+2 k) u^{2}-(3+2 k) u+(1+k)=0\n$$\n\nhas a solution for $u$ with $0 \\leq u \\leq 1$.\n\nFirst, we must ensure that the equation $(*)$ has real solutions, ie.\n\n$$\n\\begin{aligned}\n(3+2 k)^{2}-4(3+2 k)(1+k) & \\geq 0 \\\\\n(3+2 k)(3+2 k-4(1+k)) & \\geq 0 \\\\\n(3+2 k)(-1-2 k) & \\geq 0 \\\\\n(3+2 k)(1+2 k) & \\leq 0\n\\end{aligned}\n$$\n\nThis is true if and only if $-\\frac{3}{2}<k \\leq-\\frac{1}{2}$. (We omit $k=-\\frac{3}{2}$ because of the earlier comment.)\n\nNext, we have to check for which values of $k$ the equation $(*)$ has a solution $u$ with $0 \\leq u \\leq 1$. We may assume that $-\\frac{3}{2}<k \\leq-\\frac{1}{2}$.\n\nTo do this, we solve the equation $(*)$ using the quadratic formula to obtain\n\n$$\nu=\\frac{(3+2 k) \\pm \\sqrt{(3+2 k)^{2}-4(3+2 k)(1+k)}}{2(3+2 k)}\n$$\n\nor\n\n$$\nu=\\frac{(3+2 k) \\pm \\sqrt{-(3+2 k)(1+2 k)}}{2(3+2 k)}=\\frac{1}{2} \\pm \\frac{1}{2} \\sqrt{-\\frac{1+2 k}{3+2 k}}\n$$\n\n\n\nSince $k>-\\frac{3}{2}$ then $3+2 k>0$.\n\nFor $u$ to be between 0 and 1, we need to have\n\n$$\n0 \\leq \\sqrt{-\\frac{1+2 k}{3+2 k}} \\leq 1\n$$\n\nThus\n\n$$\n0 \\leq-\\frac{1+2 k}{3+2 k} \\leq 1\n$$\n\nSince $-\\frac{3}{2}<k \\leq-\\frac{1}{2}$ then $3+2 k>0$ and $1+2 k \\leq 0$, so the left inequality is true.\n\nTherefore, we need $-\\frac{1+2 k}{3+2 k} \\leq 1$ or $-(1+2 k) \\leq(3+2 k)$ (we can multiply by $(3+2 k)$ since it is positive), and so $-4 \\leq 4 k$ or $k \\geq-1$.\n\nCombining with $-\\frac{3}{2}<k \\leq-\\frac{1}{2}$ gives $-1 \\leq k \\leq-\\frac{1}{2}$.",
            "Since $\\sin ^{2} x+\\cos ^{2} x=1$, then\n\n$$\n\\begin{aligned}\nf(x) & =\\left(\\sin ^{2} x+\\cos ^{2} x\\right)\\left(\\sin ^{4} x-\\sin ^{2} x \\cos ^{2} x+\\cos ^{4} x\\right)+k\\left(\\sin ^{4} x+\\cos ^{4} x\\right) \\\\\n& =\\left(\\sin ^{4}+2 \\sin ^{2} x \\cos ^{2} x+\\cos ^{4} x-3 \\sin ^{2} x \\cos ^{2} x\\right) \\\\\n& \\quad k\\left(\\sin ^{4} x+2 \\sin ^{2} x \\cos ^{2} x+\\cos ^{4} x-2 \\sin ^{2} x \\cos ^{2} x\\right) \\\\\n& =\\left(\\left(\\sin ^{2} x+\\cos ^{2} x\\right)^{2}-3 \\sin ^{2} x \\cos ^{2} x\\right)+k\\left(\\left(\\sin ^{2} x+\\cos ^{2} x\\right)^{2}-2 \\sin ^{2} x \\cos ^{2} x\\right) \\\\\n& =1-3 \\sin ^{2} x \\cos ^{2} x+k\\left(1-2 \\sin ^{2} x \\cos ^{2} x\\right) \\\\\n& =(1+k)-(3+2 k) \\sin ^{2} x \\cos ^{2} x\n\\end{aligned}\n$$\n\nNow, we have\n\n$$\nf(x)=(1+k)-(3+2 k) \\sin ^{2} x \\cos ^{2} x\n$$\n\nUsing the fact that $\\sin 2 x=2 \\sin x \\cos x$, we can further simplify $f(x)$ to\n\n$$\nf(x)=(1+k)-\\frac{1}{4}(3+2 k) \\sin ^{2} 2 x\n$$\n\nNow, we have\n\n$$\nf(x)=(1+k)-\\frac{1}{4}(3+2 k) \\sin ^{2} 2 x\n$$\n\nIf we tried to solve $f(x)=0$, we would obtain\n\n$$\n(1+k)-\\frac{1}{4}(3+2 k) \\sin ^{2} 2 x=0\n$$\n\nor\n\n$$\n\\sin ^{2} 2 x=\\frac{4(1+k)}{3+2 k}\n$$\n\n(From (a), if $k=-\\frac{3}{2}, f(x)$ is constant and equal to $-\\frac{1}{2}$, so has no roots.)\n\nIn order to be able to solve this (first for $\\sin 2 x$, then for $2 x$ then for $x$ ), we therefore need\n\n$$\n0 \\leq \\frac{4(1+k)}{3+2 k} \\leq 1\n$$\n\nIf $3+2 k>0$, we can multiply the inequality by $3+2 k$ to obtain\n\n$$\n0 \\leq 4(1+k) \\leq 3+2 k\n$$\n\nand so we get $k \\geq-1$ from the left inequality and $k \\leq-\\frac{1}{2}$ from the right inequality.\n\nCombining these with $-\\frac{3}{2}<k$, we obtain $-1 \\leq k \\leq-\\frac{1}{2}$.\n\nIf $3+2 k<0$, we would obtain $0 \\geq 4(1+k) \\geq 3+2 k$ which would give $k \\leq-1$ and $k \\geq-\\frac{1}{2}$, which are inconsistent.\n\nTherefore, $-1 \\leq k \\leq-\\frac{1}{2}$."
        ],
        "final_answer": [
            "$[-1,-\\frac{1}{2}]$"
        ],
        "is_multiple_answer": false,
        "unit": null,
        "answer_type": "Interval",
        "error": null
    },
    {
        "id": 2549,
        "subfield": "Algebra",
        "context": null,
        "question": "Consider the function $f(x)=x^{2}-2 x$. Determine all real numbers $x$ that satisfy the equation $f(f(f(x)))=3$.",
        "solution": [
            "Let $a=f(f(x))$.\n\nThus, the equation $f(f(f(x)))=3$ is equivalent to $f(a)=3$.\n\nSince $f(a)=a^{2}-2 a$, then we obtain the equation $a^{2}-2 a=3$ which gives $a^{2}-2 a-3=0$ and $(a-3)(a+1)=0$.\n\nThus, $a=3$ or $a=-1$ which means that $f(f(x))=3$ or $f(f(x))=-1$.\n\nLet $b=f(x)$.\n\nThus, the equations $f(f(x))=3$ and $f(f(x))=-1$ become $f(b)=3$ and $f(b)=-1$.\n\nIf $f(b)=3$, then $b=f(x)=3$ or $b=f(x)=-1$ using similar reasoning to above when $f(a)=3$.\n\nIf $f(b)=-1$, then $b^{2}-2 b=-1$ and so $b^{2}-2 b+1=0$ or $(b-1)^{2}=0$ which means that $b=f(x)=1$.\n\nThus, $f(x)=3$ or $f(x)=-1$ or $f(x)=1$.\n\nIf $f(x)=3$, then $x=3$ or $x=-1$ as above.\n\nIf $f(x)=-1$, then $x=1$ as above.\n\nIf $f(x)=1$, then $x^{2}-2 x=1$ and so $x^{2}-2 x-1=0$.\n\nBy the quadratic formula,\n\n$$\nx=\\frac{-(-2) \\pm \\sqrt{(-2)^{2}-4(1)(-1)}}{2(1)}=\\frac{2 \\pm \\sqrt{8}}{2}=1 \\pm \\sqrt{2}\n$$\n\nTherefore, the solutions to the equation $f(f(f(x)))=3$ are $x=3,1,-1,1+\\sqrt{2}, 1-\\sqrt{2}$."
        ],
        "final_answer": [
            "$3,1,-1,1+\\sqrt{2}, 1-\\sqrt{2}$"
        ],
        "is_multiple_answer": true,
        "unit": null,
        "answer_type": "Numerical",
        "error": null
    }
]